1.2413585621515986	“人依偎在它之上”这件事只能开启（sichereignen）。	Was der Mensch sei, so Dilthey, dies sagt ihm nur die Geschichte.
1.2395440655140704	尽管这些政策必须在地方层面实施，但必须由欧洲机构来加以促进和支持。	Obwohl diese Richtlinien auf lokaler Ebene umgesetzt werden müssen, sollten sie von europäischen Institutionen initiiert und unterstützt werden.
1.237383642916607	我们必须理解狗狗自己的想法，并帮助它们理解我们自己。	Wir müssen versuchen, Hunde auf ihre Art zu verstehen und ihnen helfen, uns zu verstehen.
1.2343708294469429	《宪法》草案为许多欧盟治理方面的问题提供了可接受的答案。	Der Verfassungsentwurf bietet akzeptable Antworten auf zahlreiche Fragen der Regierungsführung.
1.2303745813164164	年龄的因素，而不是社会阶层将决定着6月的选举结果。	Alter, nicht soziale Schicht, wird das Wahlergebnis im Juni bestimmen.
1.2282047697094538	       俄罗斯还需要一个全国安全战略以补充其政治和经济复苏。	Außerdem ist in Russland eine nationale Sicherheitsstrategie vonnöten, um die politische und wirtschaftliche Erneuerung zu vervollständigen.
1.2266134838330487	事实上，各国政府和国际组织试图寻找更持久的解决办法。	Tatsächlich weisen die Bemühungen der Regierungen und internationalen Organisationen nachhaltigeren Lösungen den Weg.
1.2249150921461385	这也意味着为发展中国家的环境保护提供更多的资源。	Überdies bedeutet es, den Entwicklungsländern mehr Ressourcen für den Umweltschutz zur Verfügung zu stellen.
1.2248242297184557	首先，德国应该在指挥和协调欧元区政策反应方面其到更大的作用。	Zuerst muss Deutschland eine noch größere Rolle bei der Führung und Koordination der Eurozonen-Politik spielen.
1.2214237207947591	第一是文化：保护和强化苏格兰民族身份。	Der erste ist kulturell: die Identität des schottischen Volkes zu schützen und stärken.
1.2211542201883567	迫使司法体系和其他关键国家机构屈服是毒品卡特尔的主要目标。	Das Justizsystem und andere wichtige staatliche Institutionen in die Knie zu zwingen, ist das Hauptziel der Drogenkartelle.
1.2210473961963715	政府和国际组织是时候将MH17遇袭事件定性为潜在的战争罪行。	Es ist an der Zeit, dass Regierungen und internationale Organisationen den Angriff auf MH17 als vermutliches Kriegsverbrechen bezeichnen.
1.2159369989356563	有消息称他将在今年访问其他拉丁美洲国家，包括故乡阿根廷。	Es gibt Andeutungen, dass er in diesem Jahr noch andere lateinamerikanische Länder besuchen wird, darunter sein Heimatland Argentinien.
1.2151847259584772	如果这样，伊斯兰就可能真正成为欧洲社会价值观重要的灵感源泉。	Auf diese Art könnte der Islam wirklich eine Quelle der Inspiration für die europäische Wertegemeinschaft werden.
1.2142105822729292	必须清除强制劳工、童工以及工作场所中的歧视。	Zwangsarbeit, Kinderarbeit und Diskriminierung am Arbeitsplatz müssen beseitigt werden.
1.2132650070933422	塔利班对抗的不是西方文化，而是传统的阿富汗文化。	Die Taliban bekämpften nicht die westliche Kultur, sondern traditionelle afghanische Kultur.
1.2120254603389973	此外，政府和监管者可以采取务实举措刺激私人部门投资于更加清洁的能源形式。	Zudem können Regierungen und Regulierungsbehörden konkrete Maßnahmen ergreifen, um Investitionen des privaten Sektors in sauberere Energieformen zu fördern.
1.2085265774412077	他輸掉了這個案子，然而約翰·亞當斯之後寫道：「美國獨立就是在那個時候出生的。	Er verlor den Prozess, aber John Adams schrieb später: „Die amerikanische Unabhängigkeit wurde dort und zu dieser Zeit geboren.“
1.2076507784525832	有效解决全球变暖需要长期创新，让所有人都用得起绿色能源。	Die Lösung des Problems der globalen Erwärmung erfordert  effektiv langfristige Innovationen, die grüne Energien für alle erschwinglich machen.
1.2065250503027127	自由或保守派的所有政治家都希望前进，而不想倒退。	Jeder Politiker, egal ob liberal oder konservativ, möchte sich vorwärts bewegen, nicht rückwärts.
1.2048940918629416	2001年9月11日发生恐怖袭击后，布什总统开始推行单边外交政策。	Nach den Terroranschlägen vom 11. September 2001 begann Präsident Bush eine unilaterale Außenpolitik zu verfolgen.
1.2042508001971366	他们或出生在加沙，或是在1948年战争及其他的战争中被作为难民赶到那里。	Sie wurden in Gaza geboren oder im Krieg von 1948 oder in anderen Kriegen als Flüchtlinge dorthin vertrieben.
1.2016083820425927	中国中央银行行长最近也强调了这个基本观点。	Dieser grundlegende Punkt wurde vom Gouverneur der chinesischen Zentralbank jüngst hervorgehoben.
1.2006784245456568	这三项措施的目标是同时重建国家权威和经济活力。	Das Ziel dieser drei Maßnahmen bestand darin, sowohl die staatliche Autorität als auch die wirtschaftliche Dynamik wiederherzustellen.
1.2000268893382968	而另一个问题则关于这场灾难对全球供应链的影响。	Eine Schlüsselfrage betrifft die Auswirkungen der Katastrophe auf die globalen Lieferketten.
1.1993488736894469	   第三，国际社会有责任实现其增加援助的承诺。	·        Drittens: Die internationale Gemeinschaft ist verpflichtet, ihrem Versprechen nachzukommen, die Entwicklungshilfe zu erhöhen.
1.1987751630634331	2001年9月11日的恐怖袭击迫使我们做出强烈的反应。	Die Terroranschläge vom 11. September 2001 erforderten eine starke Antwort.
1.1972626866886953	首先大部分故事都是关于欧洲金融危机的，全球世界在都在谈论这一点。	An erster Stelle steht die Geschichte über die Finanzkrise in Europa, über die alle Welt redet.
1.195793941540527	中国领导人明白自己的国家需要时间，空间和和平来发展经济。	Chinas Führung erkennt, dass ihr Land für wirtschaftliche Entwicklung Zeit, Raum und Frieden braucht.
1.1954706963563757	自1990年代以来，中国和印度都从其估值偏低的货币中获益良多。	Und seit den 1990er Jahren haben sowohl China als auch Indien enorm von ihren unterbewerteten Währungen profitiert.
1.1948377300596158	国家在现代社会中扮演着核心角色，理应如此。	Der Staat spielt in der modernen Gesellschaft eine zentrale Rolle und das völlig zu Recht.
1.194617813519042	直到不久前，环境保护和消费安全在美国和欧洲都还是相对次要的问题。	Bis vor nicht allzu langer Zeit waren auch in den Vereinigten Staaten und Europa Umweltschutz und Konsumentensicherheit nur zweitrangig.
1.1936188285715734	而后者趋于0，于是定理得证。	In ihm kommt es auch zur Vollendung und durch ihn wird es verkündet.
1.1930961423669497	在这一全球市场的竞争中，欧洲不能光在价格上竞争。	Im Wettbewerb um diesen globalen Markt kann Europa nicht nur über den Preis mithalten.
1.1928163030683965	疟疾控制现在面临日益紧迫的形势，同时也有了新的希望。	Inzwischen tritt die Malariabekämpfung in eine Phase zunehmender Dringlichkeit, aber auch neuerlicher Hoffnung ein.
1.1927914800591803	首先，美国应考虑与伊朗建立外交关系并派遣外交官进驻。	Erstens sollten die USA in Betracht ziehen diplomatische Beziehungen mit Iran zu errichten und Diplomaten vor Ort stationieren.
1.1916775181630632	十年后，伊拉克石油产量终于恢复到战前的水平。	Nach zehn Jahren ist die irakische Erdölproduktion endlich wieder auf dem gleichen Niveau wie vor dem Krieg.
1.1911754900180747	因此，维持地区稳定事关美国（以及全球）经济成功大局。	Die Wahrung regionaler Stabilität ist daher für den wirtschaftlichen Erfolg der USA (und der Welt) von zentraler Bedeutung.
1.18946939331803	但自上世纪70年代以来，世界已经向着更灵活汇率的方向迈进了。	Seit dem 1970er Jahren jedoch hat sich die Welt in Richtung einer größeren Flexibilität der Wechselkurse bewegt.
1.1890014728807252	而其他国家已经采取措施，使人们可以通过手机进行汇款。	Andere Länder haben dagegen Schritte unternommen, um Überweisungen per Mobiltelefon zu ermöglichen.
1.1882804438991195	特别是，过去几年中创造就业岗位的速度必须保持。	Insbesondere gilt es, das Tempo, mit dem in den letzten Jahren Arbeitsplätze geschaffen wurden, aufrechtzuerhalten.
1.1872284248733855	首先，希腊政府必须明确紧急经济改革势在必行。	Zunächst gilt es für die griechische Regierung, eine klare Linie hinsichtlich der Notwendigkeit dringender Wirtschaftsreformen zu finden.
1.1871815253449036	必须强调的一点是，我们对发展中国家反型脂肪的消费情况了解较少。	Es ist auch deutlich darauf hinzuweisen, dass wir über den Verbrauch an Transfetten in den Entwicklungsländern viel weniger wissen.
1.1867682362632208	我们必须谈判制定一项欧盟与俄罗斯联邦之间新的伙伴关系和合作协议。	Es muss ein neues Partnerschafts- und Kooperationsabkommen (PKA) zwischen der EU und der Russischen Föderation ausgehandelt werden.
1.186751307831667	阿富汗处于战争状态已有三十年了，而且战争正在向巴基斯坦和更远处蔓延。	Afghanistan ist seit drei Jahrzehnten im Krieg, und dieser Krieg dehnt sich nach Pakistan und noch weiter aus.
1.186582463526415	在2013年第三季度德国的出口增长放缓而法国出口下跌。	Im dritten Quartal 2013 hat sich das deutsche Exportwachstum verlangsamt, und die französischen Exporte sind zurückgegangen.
1.186228446583994	世界银行等多边机构可以在打造商品债券市场方面起到关键作用。	Eine multilaterale Institution wie die Weltbank könnte eine entscheidende Rolle bei der Etablierung eines Markts für Rohstoffanleihen spielen.
1.1853308102679196	从某种程度上说，性选择是自然选择的心理延伸。	Sexuelle Selektion ist gewissermaßen die psychologische Erweiterung der natürlichen Selektion.
1.1841362086956044	至少国际货币基金组织（IMF）承认了这些理论和政策失误。	Zumindest der Internationale Währungsfonds hat dieses intellektuelle und politische Versagen inzwischen zugegeben.
1.1839153112867216	不到60年前，保守党在苏格兰拥有多数席位。	Vor weniger als sechzig Jahren verfügten die Konservativen in Schottland noch über eine Mehrheit der Sitze.
1.1830842971758722	发展中各国需要增加财政支持，来保护那些最贫穷和最容易受到伤害的人。	Die Entwicklungsländer werden höhere finanzielle Unterstützung benötigen, um die Ärmsten und Wehrlosesten entsprechend zu schützen.
1.1826205559075407	保加利亚是中欧与中东之间的一个重要中转国家。	Bulgarien ist ein wichtiges Transitland zwischen Mitteleuropa und dem Nahen Osten.
1.1814046596849348	美国和英国的经济表现给欧元区提供了重要教训。	Die wirtschaftliche Entwicklung in den USA und in Großbritannien hält wichtige Lehren für die Eurozone parat.
1.1810085151776297	如果西方坚持目前的路线，那么西方的选择余地将会越来越小。	Wenn der Westen seinen aktuellen Kurs beibehält, werden seine Optionen weiter schrumpfen.
1.1799915814375455	剔除新加坡和文莱，东盟平均劳动生产率仍比中国低40%左右。	Außer in Singapur und Brunei liegt die durchschnittliche Arbeitsproduktivität in den ASEAN-Ländern weiterhin etwa 40% unter derjenigen Chinas.
1.17960519118569	对内而言，欧洲必须坚持作为一个开放的社会和开放的经济体。	Im Inneren sollte Europa sowohl eine offene Gesellschaft als auch eine offene Ökonomie bleiben.
1.1787278017258904	和任何民主国家一样，对土耳其政府政策公共批评是正常的健康现象。	Wie in jeder Demokratie ist auch in der Türkei eine öffentliche Kritik der Regierungspolitik normal und gesund.
1.1783241039654107	不在公共生活中留出某种形式的宗教表达空间是不可能的。	Dies ist nicht möglich, ohne eine gewisse Form des Ausdrucks der Religion im öffentlichen Leben zu gestatten.
1.1783061768131207	        除了石油、天然气以及其他商品外，中国对俄罗斯的兴趣相对有限。	Von Öl, Gas und anderen Rohstoffen abgesehen, hat China ein eher begrenztes Interesse an Russland.
1.1779304070335568	该报道将巴基斯坦政治领袖置于非常尴尬的境地。	Die Berichte bringen die führenden Politiker Pakistans in eine heikle Lage.
1.1769212877664499	必须依靠新的新方法，如公共研究机构和私人企业的合作。	Es bedarf neuer Ansätze wie etwa Partnerschaften zwischen öffentlichen Forschungsinstituten und der privaten Industrie.
1.176863339480095	毕竟，新兴和发展中经济体增长远远快于发达国家。	Immerhin wachsen die Entwicklungs- und Schwellenländer viel schneller als die Industriestaaten.
1.1765124067086665	联合国秘书长柯非·安南任命的安全改革高级小组正在对各种可能性开展研究。	Das von Generalsekretär Kofi Annan ernannte Hochrangige Panel zur Sicherheitsreform untersucht derzeit die verschiedenen Optionen.
1.1764576091053354	第二个例子是1989年的冷战结束，这也可以算作是一个成功案例。	Auch das zweite Beispiel, nämlich das Ende des Kalten Krieges im Jahr 1989, war eine Erfolgsgeschichte.
1.1758872580382225	政客们在1999年成立了货币联盟，尽管有人警告欧洲大陆的经济体之间多样性太大。	Die Politiker haben die Währungsunion 1999 trotz Warnungen besiegelt, dass die sie bildenden Volkswirtschaften zu unterschiedlich seien.
1.175462872816087	勿庸置疑，越南战争几乎在方方面面都与伊拉克战争有着很大的差别。	Natürlich unterschied sich der Vietnamkrieg in nahezu jeder Hinsicht vom Krieg im Irak.
1.1754580513156605	就业增长比人口增长更慢，每年实际工资增长率平均只约有1%。	Die Beschäftigung wuchs langsamer als die Bevölkerung, und die jährlichen realen Lohnsteigerungen erreichten im Durchschnitt lediglich etwa 1 %.
1.174305086098607	西方价值观可能受到攻击，但对西方的商品却抱着欢迎的态度。	Es mag Angriffe auf westliche Werte geben, westliche Waren hingegen sind gern gesehen.
1.174283382249359	第二场反斯大林运动持续了2年，还不足以改变这个国家的思想状况。	Diese zweite antistalinistische Kampagne dauerte zwei Jahre –nicht annähernd genug, um die Mentalität des Landes zu verändern.
1.1737995966874852	不過，與蘇共關係陷於谷底，卻無損他的仕途。	Er sei vielmehr schwer erkrankt gewesen und es soll bei dem Einsatz zu seiner Ergreifung keine Gegenwehr gegeben haben.
1.1723146560150262	但生活中有一个方面采取信息技术的步伐大大地落后了，这就是医疗卫生。	Aber es gibt einen Bereich unseres Lebens, wo sich die Anwendung der Informationstechnologie deutlich verzögert hat: die Gesundheitsfürsorge.
1.1723070484618425	1952年军事政变后，苏联提供了大量所需援助。	Nach dem Militärputsch im Jahr 1952 stellte die Sowjetunion einen Großteil der notwindigen Hilfe zur Verfügung.
1.1718549257223583	对这些相互作用的研究将提供一个对强相互作用力的精确理解。	Die Untersuchung dieser Wechselwirkungen sollte ein präzises Verständnis der starken Kraft liefern.
1.1714348193056008	第二次世界大战后，欧洲各国的国家利益趋于一致。	Nach dem Zweiten Weltkrieg befanden sich die nationalen Interessen der europäischen Länder auf einer Linie.
1.170871437350922	如果说哪个国家拥有执行全面改革计划的政治工具，这个国家非日本莫属。	Wenn überhaupt ein Land über die politischen Mittel verfügt, ein umfassendes Reformprogramm umzusetzen, dann ist das Japan.
1.1707153902845027	这能够造成一种共生关系，让政府、企业和地方社区都获得好处。	Dadurch kann eine symbiotische Beziehung entstehen, die der Regierung, den Unternehmen und der lokalen Bevölkerung gleichermaßen nützt.
1.17059564454657	因此我们可以想见气候变干可能对农业造成的影响。	Wir können uns daher vorstellen, welche Auswirkungen ein trockeneres Klima wahrscheinlich auf die Landwirtschaft haben wird.
1.1699758250503953	在世界十大人口密集城市中，有七个位于印度。	Von den zehn am dichtesten bewohnten Städten der Welt liegen sieben in Indien.
1.1699051110182523	过去30年来，国际贸易在中国的经济发展中扮演着关键角色。	Der internationale Handel hat bei der wirtschaftlichen Entwicklung Chinas während der letzten 30 Jahre eine entscheidende Rolle gespielt.
1.1698750603039254	非洲大陆过去10年间取得了显著的社会经济成就。	Der Kontinent hat währen des vergangenen Jahrzehnts erhebliche sozioökonomische Fortschritte gemacht.
1.169846075106032	巴勒斯坦和以色列领导人必须协调不同，达成外交和解。	Die palästinensische und die israelische Führung werden ihre Differenzen beilegen und eine diplomatische Lösung finden müssen.
1.169716379831623	富裕的国家将被要求减少补贴;贫穷国家将被要求开放其市场。	Die reichen Länder sind aufgefordert, ihre Subventionen zu reduzieren und die armen Länder, ihre Märkte zu öffnen.
1.1693839234792358	不幸的是，这一体系在1914年8月大战爆发后全盘崩溃了。	Unglücklicherweise brach das System nach Kriegsausbruch im August 1914 völlig zusammen.
1.1691009330622282	最终，这些信息将被数字化并在国际互联网上免费向所有有关的研究者和党派公开。	Abschließend sollten diese Informationen digitalisiert und über das Internet allen entsprechenden Forschern und sonstigen Dritten kostenlos verfügbar gemacht werden.
1.168744427517358	尽管新的高速公路还在建设，但施工现场布满了车辆和动物。	Obwohl eine neue Autobahn im Bau war, war die Baustelle voll mit Autos und Tieren.
1.1686208611698254	但在大部分情况下，企业负债构成了欠大型跨国银行的真正债务。	In den meisten Fällen allerdings bestehen die Verbindlichkeiten aus realen Schulden bei großen internationalen Banken. 
1.1676590402974771	2009年12月1日，《里斯本条约》正式生效。	Am 1. Dezember 2009 trat der Vertrag von Lissabon in Kraft.
1.1671614897026537	为了让游戏无限期地进行下去，你必须保持其他玩家的信任。	Wenn das Spiel aber auf unbestimmte Zeit weitergehen soll, muss man sich das Vertrauen der Mitspieler sichern.
1.165704412119264	在突尼斯，2011年的选举将49名妇女选入了217人的制宪大会。	In Tunesien wurden 2011 in die verfassungsgebende Versammlung mit 217 Sitzen 49 Frauen gewählt.
1.1655626536420391	过去5年里，新欧盟成员国接收的国外直接投资总额已经超过了一千亿欧元。	In den letzten fünf Jahren haben die ausländischen Direktinvestitionen in den neuen Mitgliedsstaaten die 100-Milliarden-Euro-Marke übertroffen.
1.1652077346216054	过去七年实际个人消费支出每年只增加1.4%。	Die realen privaten Konsumausgaben sind während der vergangenen sieben Jahre um gerade mal 1,4% jährlich gestiegen.
1.164840575755122	“种族清洗”完成时，巴基斯坦人口的穆斯林比例已达95%。	Nachdem diese „ethnische Säuberung“ vorbei war, bestand die Bevölkerung Pakistans zu 95% aus Muslimen.
1.164351805512274	自一战结束以来，阿拉伯国家从未出现过如此激烈的剧变。	Seit dem Ersten Weltkrieg hat die arabische Welt keine derartig tiefgreifenden Veränderungen erlebt.
1.1631592738824512	2008年秋天以来，汇率波动逐渐减弱至危机前水平。	Nach dem Herbst des Jahres 2008 kehrte die Wechselkursvolatilität langsam wieder auf das Vorkrisenniveau zurück.
1.1630017240595063	外国投资者对此作出的反应是，把大量资源投进了该国。	Ausländische Investoren reagierten darauf mit einem massiven Transfer von Ressourcen in das Land.
1.1617337093429185	与此同时，近几个月的全球气温达到了130年以来的最高位。	Zugleich erreichte die globale Temperatur in den letzten Monaten ihren höchsten Stand seit Beginn der Aufzeichnungen vor 130 Jahren.
1.1613197568355802	但东盟与欧盟不同，它并不想形成货币联盟。	Aber die ASEAN hat im Gegensatz zur Europäischen Union nicht vor, eine Währungsunion zu gründen.
1.1586659850830945	据我们估计，全世界每年都有数十亿美元资金投入到宣传这类宗教观点的运动当中。	Wir schätzen, dass jedes Jahr buchstäblich Milliarden von Dollars zur Förderung dieser Sicht der Religion eingesetzt werden.
1.158446741568455	首先，我们必须为所有国家创造独立繁荣的条件。	Als Erstes müssen wir die Voraussetzungen dafür schaffen, dass sich alle Länder unabhängig voneinander erfolgreich entwickeln können.
1.1583725976946098	在共产主义体制下，公共辩论被限制在私家的厨房里。	Zu Zeiten des Kommunismus´ waren öffentliche Diskussionen auf die eigene Küche beschränkt.
1.1581281029569164	国际货币基金组织改革的三个主要问题也应该提上日程。	In die Reform des  IWF sollten drei zentrale Aspekte einbezogen werden.
1.1575793144224993	而中国的艺术家会在国际艺术品拍卖会上叫出其他人只敢想象的价格。	Und chinesische Künstler werden auf internationalen Kunstauktionen Preise erzielen, von denen andere nur träumen können.
1.1574634429907416	2009年（危机最严重的一年）的经济衰退完全可以称之为灾难。	Der wirtschaftliche Abschwung im Jahr 2009, dem schlimmsten Jahr der Krise, kam einer Katastrophe gleich.
1.157120029311361	最终，基本上所有的新增准备金都被“用于”支持商业贷款的增加。	Alle zusätzlichen Reserven wurden letztlich dazu „verwendet“, den erhöhten Kreditbedarf der Wirtschaft zu decken.
1.156595510856534	虽然联邦政府在扩大，但如加利福尼亚州这样的州政府却在萎缩。	Während die nationale Regierung expandiert, kontrahieren die Regierungen der Bundesstaaten wie etwa die kalifornische.
1.1559289095280765	此外，独立媒体也能强化支持市场和民主的情绪。	Zudem könnten unabhängige Medien tendenziell eine marktfreundliche und demokratische Stimmung verstärken.
1.1558559452595891	他们建议，军队应该在反恐行动中起辅助作用。	Stattdessen wurde vorgeschlagen, dass die Armee bei Anti-Terror-Operationen eine sekundäre Rolle spielen sollte.
1.1554820176980554	欧洲的未来取决于它的民主制度，取决于欧洲人民。	Die Zukunft Europas liegt in den Händen seiner Demokratien, in den Händen der europäischen Bevölkerung.
1.1542423875979537	影响不仅仅局限于经济表现和金融市场走势。	Die Folgen dieser Entwicklung sind nicht auf die Wirtschaftsleistung und die Bewegung der Finanzmärkte begrenzt.
1.1534411540123122	美国一直对日本官员拜访靖国神社持批评态度，但都是通过外交渠道表达的。	Die USA haben die Besuche japanischer Regierungsvertreter bei diesem Schrein immer kritisiert, allerdings durch diplomatische Kanäle.
1.1533938163042468	与此同时，经济表现在很大程度上取决于经济政策。	Zugleich ist die wirtschaftliche Entwicklung zu einem wesentlichen Ausmaß von der Wirtschaftspolitik abhängig.
1.153120537534664	鉴于全球合作需求快速增长，联合国目前的预算根本不够。	Aufgrund des rasch wachsenden Bedarfs an weltweiter Zusammenarbeit kann die UNO mit ihrem derzeitigen Budget einfach nicht ihr Auslangen finden.
1.1530459842226477	和Sarkozy的观点类似的对自由贸易的担忧在全球争愈演愈烈。	Ähnliche Bedenken hinsichtlich des Freihandels wie die Sarkozys gewinnen überall auf der Welt an Einfluss.
1.1528525165191037	1969年，美国污染严重的凯霍加河燃起熊熊大火。	Und 1969 ging in den USA der schwer verschmutzte Cuyahoga-Fluss in Flammen auf.
1.1525563098820126	在全球变暖这方面，也该是咱们恢复理智的时候了。	Im Hinblick auf die globale Erwärmung wäre es an der Zeit, zur Vernunft zu kommen.
1.1521737807774626	2004年的竞选活动中，布什宣称新的机构捍卫了美国的安全。	Während des Wahlkampfes 2004 behauptete Bush, dass das neue Ministerium die Sicherheit Amerikas erhöht habe.
1.151929747775517	如果利率为3%，那么年税收额必须增加15亿美元。	Sind es 3%, sind jährlich zusätzliche Steuereinnahmen von 1,5 Milliarden Dollar erforderlich.
1.1505566103468825	「后土」中的"后"是君主的意思，后土就是管理土地的君主。	Die Herrschaft über ein freies Gefolge weitete sich schließlich zur Herrschaft über Land und Leute aus (Grundherrschaft, siehe unten).
1.1501474876859274	共和主义给每一个人——不管他或她是什么身份——同等的权利，以获得全体的平等。	Der Republikanismus gewährt jedem Einzelnen gleiche Rechte, unabhängig von ihren oder seinen Identitäten, um allgemeine Gleichheit zu erreichen.
1.1497776667711015	美国政府明确表示：美国绝不容许土耳其对伊北部实行军事干预。	Die amerikanische Administration stellte klar, dass eine militärische Intervention der Türkei im Nordirak nicht hingenommen werden würde.
1.1490556455055732	世界银行虽然挂着一个“银行”的名字，但其主要职责是国际发展机构。	Trotz ihres Namens ist die Weltbank in erster Linie eine internationale Entwicklungsinstitution.
1.14840318027556	因为艾滋病有1400万儿童成为孤儿。	Mehr als eine halbe Million Kinder wurden durch AIDS zu Waisen.
1.1482929556836905	但央行确实需要同时追求多重目标，并且还不能产生坏结果或有损于其自身信誉。	Doch haben die Zentralbanken mehrere Ziele gleichzeitig verfolgt, ohne schlechte Ergebnisse zu erzielen oder ihr eigene Glaubwürdigkeit zunichtezumachen.
1.1475920848386203	社会阶层有其各自的利益，这表现在有明确意识形态差异的截然不同的政党。	Die sozialen Klassen hatten ihre eigenen Interessen, die jeweils durch Parteien mit klaren ideologischen Unterschieden vertreten wurden.
1.1471345901057985	通过促进公共观点的改变，这些项目可以催化根本性的行为改变。	Durch Veränderung der öffentlichen Wahrnehmung können solche Programme grundlegende Verhaltensänderungen auslösen.
1.1469454763054159	只有欧洲央行可以实施欧元区国家债务的社会化。	Nur die Europäische Zentralbank könnte eine echte Vergemeinschaftung der nationalen Schulden in der Eurozone bewirken.
1.1468365985523497	一个建立在复杂的劳动分工基础上的非常多产的社会，就是取得“国家财富”的方法。	Mit einer hochproduktiven Gesellschaft auf der Grundlage einer komplexen Arbeitsteilung wurde „der Wohlstand der Nationen“ gesichert.
1.1465756498611461	它保护了生物多样性，健康的珊瑚礁能提高渔业产量和吸引更多游客。	Er bewahrt die Artenvielfalt, und gesunde Riffe bringen mehr Fische hervor und locken mehr Touristen an.
1.1464134642417894	技术突破——蒸汽机、计算机和互联网——可能起到了领导作用。	Ein technischer Durchbruch – die Dampfmaschine, Computer, das Internet – kann eine große Rolle dabei spielen.
1.1457691639196619	自那以后美国并未遭遇任何大规模袭击，人们的生活也恢复如常。	Es gab seither keine großen Angriffe innerhalb der USA mehr und das tägliche Leben ist wieder zur Normalität zurückgekehrt.
1.1456206491173369	开发这样的零售产品需要时间、尝试和一些真正的创新。	Die Entwicklung von Produkten für das Privatkundengeschäft erfordert Zeit, Experimentierbereitschaft und echte Innovationen.
1.1454682591190342	根据这些估计数字，二十世纪军事成本每年大约平均相当于GDP的5%。	Nach diesen Schätzungen betrugen die militärischen Kosten im 20. Jahrhundert jährlich durchschnittlich fünf Prozent des globalen Bruttoinlandsproduktes.
1.1452431821333464	忿怒的抗議行動讓波士頓海關局向倫敦報告說波士頓已經處於暴動狀態。	Wütende Straßenproteste veranlassten die Zollbehörden, nach London zu berichten, dass sich Boston im Ausnahmezustand befinde.
1.1448890525143613	   非洲矿物储量丰富的国家必须利用它们丰富的自然资源。	Afrikas bodenschatzreiche Länder müssen ihre reichlich vorhandenen natürlichen Ressourcen wirtschaftlich nutzbar machen.
1.143941225422494	可贸易部门的就业岗位损失大部分发生在制造业，特别是2000年后。	Die meisten Arbeitsplätze im Sektor handelbarer Güter und Dienstleistungen gingen in der Fertigungsbranche verloren, insbesondere nach dem Jahr 2000.
1.14341730433771	独裁国家的情报力量要么高度集权，要么就可能成为权力自治中心。	Geheimdienste in autoritären Staaten sind entweder äußerst stark zentralisiert oder neigen dazu, zu autonomen Machtzentren zu werden.
1.1427274019442895	20世纪90年代，西方未能资助自己倡导的俄罗斯经济改革。	In den 1990er Jahren versäumte er es, die von ihm propagierten Wirtschaftsreformen finanziell zu unterstützen.
1.1425465342638057	政治领导人也可能引领广泛的改革运动，比如富兰克林·罗斯福和他的新政。	Politische Führer können eine große Reformbewegung ins Rollen bringen, wie Franklin Roosevelt den New Deal.
1.1422849439937492	结果，工业、矿产和基础设施工程陷入了停滞。	Daher sind zahlreiche Industrie-, Bergbau- und Infrastrukturprojekte zum Erliegen gekommen.
1.1421952353817115	多数富裕国家之所以选择公共融资方式来资助医疗保健，主要以下几个原因考虑。	Die meisten reichen Länder haben sich aus verschiedenen Gründen für eine öffentliche Gesundheitsversorgung entschieden.
1.142042643406967	印度的年增长率维持在9%左右，而中国则有10%。	Indiens jährliche Wachstumsrate beträgt etwa 9 Prozent, China weist einen Wert von ungefähr 10 Prozent auf.
1.14176893027551	在朗诵了誓言之后，他们让牧师和所有人宣誓他们将要么打败敌人，要么难堪的死去。	Sie enden, wenn ihr Ziel, etwa die Verhinderung eines Großschlachthofs oder eines Straßenprojekts, erreicht wurde.
1.1411484573907702	1522年至1526年间，在帝国的某些城市和地区流传着路德的学说。	In den Jahren 1522 bis 1526 wurde in etlichen Ländern und Städten des Reichs die Lehre Luthers eingeführt.
1.1410258553988668	在一个人口迅速老化的环境中，这种情况对于总体消费来说影响巨大。	Stellt man dies in den Zusammenhang einer rapide alternden Bevölkerung, sind die Auswirkungen auf den Gesamtverbrauch dramatisch.
1.1409490879845294	他指出上帝應許藉着他使之復活的大能者施行公義的審判。	Denn es ist keine Obrigkeit ohne von Gott; wo aber Obrigkeit ist, die ist von Gott verordnet.“
1.1407796362542142	英国国债的十年期收益率从卡梅伦上台之前很久便下跌到了历史低点。	Die Renditen auf zehnjährige britische Staatsanleihen hatten historische Tiefstände erreicht, lange bevor Cameron sein Amt angetreten hat.
1.1405751038192844	经济学家、银行家、企业家以及技术或通讯专家都很常见。	Zu ihr zählen Ökonomen, Banker und Unternehmer ebenso wie Technologie- oder Kommunikationsexperten.
1.1404812873588333	不论是个人还是社会，我们从与他人的信息共享中都能获益良多。	Auf individueller Ebene und auch als Gesellschaft können wir umfassend vom Informationsaustausch untereinander profitieren.
1.139923258170192	足球对国内和国际舆论的影响很广泛，但却不深刻。	Sein Einfluss auf die nationale und internationale öffentliche Meinung ist breit gestreut, aber er reicht nicht in die Tiefe.
1.1393857285594255	这样企业也可以更有竞争力，从而创造就业机会和带动经济增长。	Außerdem würde man damit auch Firmen  größere Wettbewerbsfähigkeit sowie die Schaffung von Arbeitsplätzen und höheres Wirtschaftswachstum ermöglichen.
1.1392538350335524	当地的孩子获得教育成功的机会非常之小。	Eine besonders geringe Chance auf eine erfolgreiche Schulbildung haben die Kinder der indigenen Bevölkerung.
1.1377577928430034	在巴勒斯坦历史上，一个宗教政党首次占据统治地位。	Zum ersten Mal in der palästinensischen Geschichte hat eine religiöse Partei die Mehrheit.
1.1368227234262276	在功能意义上，实力就像是一个三维象棋游戏棋盘一样分配。	Funktional betrachtet verteilt sich Macht wie auf einem Schachspiel mit drei Ebenen.
1.1366513498345696	多机构合作研究决策带来了合作团队研究的推进。	Die Entscheidung, die Forschungszusammenarbeit an mehreren Institutionen durchzuführen, mündete in die Entwicklung kollaborativer Gruppenforschung.
1.1355254769553451	他和其他政治领导人对于一个联合的欧洲充满热情。但是这是针对其他国家而言的。	Er und andere politische Führer waren sehr an einem vereinten Europa interessiert.
1.1354151202193032	中国被接纳为世贸组织成员国，而美国则修订了与日本的安保条约。	Während man China in die Welthandelsorganisation (WTO) aufnahm, erneuerte Amerika seinen Sicherheitsvertrag mit Japan.
1.135302890930059	而我们当时的议员当然是一个坚定的、炙热的封闭主义者。	And of course our congressman at that time was an avowed, dedicated isolationist.
1.1352484265722378	当时总体经济规模剧减了18%，而失业率则飙升到22%以上。	Die Wirtschaft schrumpfte um kolossale 18 Prozent und die Arbeitslosigkeit stieg zu Spitzenzeiten auf über 22 Prozent.
1.135175472240867	尽管从未公开宣布，但人们普遍认为关键美国决策者想促成政权更迭。	Es wurde zwar offiziell nicht bestätigt, aber gemeinhin vermutet, dass hochrangige amerikanische Politiker einen Regimewechsel wünschten.
1.134722993928063	更多的中国人将会出现在每年一度的世界富豪榜中。	Noch mehr Chinesen werden in den jährlichen Listen der reichsten Leute der Welt aufscheinen.
1.1345530759974383	外国直接投资在2008和2009年期间下降了75%，目前也只是略有恢复。	Die ausländischen Direktinvestitionen, die zwischen 2008 und 2009 um 75% abgestürzt waren, haben sich nur teilweise erholt.
1.1338245870384864	此外研究也表明，在高度空气污染环境下即便显著降低空气污染也只能产生轻微的影响。	Überdies weisen Studien darauf hin, dass selbst erhebliche Verringerungen der von hohem Niveau ausgehenden Luftverschmutzung  nur geringe Auswirkungen haben.
1.1326016893177624	但南非等国家已经建立了强大的宪法产权保护。	Doch Länder wie Südafrika verfügen bereits über starke, in der Verfassung garantierte Eigentumsrechte.
1.1324522089468654	大约2,100万阿拉伯儿童辍学，超过5,000万阿拉伯人处于贫困状态。	21 Millionen arabische Kinder gehen nicht in die Schule, und mehr als 50 Millionen Araber gelten als arm.
1.1319405494347692	他在帝国的地位被削弱，无力阻止宗教改革。	Dadurch war seine Stellung im Reich selbst schwach und er konnte die Ausbreitung der Reformation nicht verhindern.
1.1316656339311744	恐怖主义所针对的已经不再是美国领导下官方支持的反恐行动。	Er bekämpft nicht mehr gezielt die offizielle Unterstützung der von den USA angeführten Antiterroraktivitäten.
1.1316342144856852	大量粮食意味着大量油脂、肉类和糖分，还有卡路里。	Viele Lebensmittel bedeuten viel Fett und Fleisch und Zucker und Kalorien.
1.1304352817432624	某一国家采取措施让这一产业存活下来对其他国家而言好像是不公平竞争。	Maßnahmen, um die Branche in einem Land über Wasser zu halten, erscheinen anderen als wettbewerbsverzerrend.
1.130220191688284	企业在某一时点会准备好出售产品，于是市场需求就可以接管剩下的旅程。	Ab einem gewissen Punkt können die Unternehmen Produkte verkaufen, und dann kann die Marktnachfrage die Führung übernehmen.
1.130122675339313	1992年2月29日和3月1日，波斯尼亚和黑塞哥维那举行独立公投。	Das Referendum wurde am 29. Februar und dem 1. März 1992 abgehalten.
1.1300193776537053	他将他的哲学描写为“在内政上宽容，在外政上国际主义，在财政上保守。	Seine politische Philosophie beschrieb er selbst als gemäßigt in der „Innenpolitik, internationalistisch in der Außenpolitik und konservativ in der Fiskalpolitik“.
1.129410037786274	历经几十年和两次世界大战英镑才失去其超级货币地位。	Es hat viele Jahrzehnte und zwei Weltkriege gebraucht, bevor das britische Pfund seinen Status als Superwährung verlor.
1.1293498254815402	而如果全球变暖根据气候学家的基线预测那样展开，移民压力还将进一步增加。	Und der Migrationsdruck wird noch deutlich zunehmen, wenn sich die globale Erwärmung entsprechend den grundlegenden Prognosen der Klimatologen entwickelt.
1.1292055312155815	20世纪80年代，最可怕的恐怖事件夺去了300多条无辜的生命。	Beim schlimmsten terroristischen Anschlag der l980er Jahre wurden mehr als 300 Menschen getötet.
1.128864722980498	即使在贸易条件方面，地区稳定和安全的海路也有利于欧洲的利益。	Auch im Bereich des Handels hat Europa ein Interesse an regionaler Stabilität und sicheren Seewegen.
1.1278470902996889	美英军队已经为加强平民社团的力量做出了巨大贡献。	Von den amerikanischen und britischen Streitkräften wurde bereits viel gute Arbeit zur Stärkung der Zivilgesellschaft geleistet.
1.127790690688405	但一些国家表现出强大的抵御大规模暴力和动荡的能力。	Aber manche Länder zeigen gegenüber Gewalt und Chaos starke Widerstandskraft.
1.1275125870573677	当美国的油价达到每桶120美元的时候，欧洲的油价每桶只有76欧元。	Als die Amerikaner $ 120 pro Barrel zahlten, zahlten die Europäer lediglich etwa € 76 pro Barrel.
1.1267967928142317	某些研究甚至表明热带气旋可能会更加“多雨”。	Einige Studien legen sogar nahe, dass die tropischen Wirbelstürme „nasser“ werden.
1.1266927082130058	这些区域都是土耳其的传统历史和文化腹地。	Dieses Gebiet ist das natürliche historische und kulturelle Hinterland der Türkei.
1.1263354913341241	从科学研究到新技术的商业应用的认识，进步一直是在试错中实现的。	Von der wissenschaftlichen Forschung bis zu gewerblichen Anwendung neuer Technologien werden Fortschritte nach dem Prinzip von Versuch und Irrtum erzielt.
1.1260557164807943	真纳是巴基斯坦的第一位总督和其立法大会的主席。	Jinnah wurde der erste Generalgouverneur Pakistans und Präsident seiner verfassunggebenden Versammlung.
1.125903554746821	在资产管理行业中，有两种传统投资战略：消极投资和积极投资。	In der Vermögensverwaltungsbranche gab es bisher zwei verschiedene Investitionsstrategien: aktiv und passiv.
1.1256814213219706	在理想情况中，这个国家首脑应该是当选总统而不是世袭君主。	Idealerweise wäre ein solches Staatsoberhaupt ein gewählter Präsident und kein Erbmonarch.
1.124832761005598	日本从20世纪90年代初以来首次出现了持续通胀的态势。	Japan wies zum ersten Mal seit Anfang der 1990er Jahre eine anhaltende Inflation auf.
1.1245279942418085	不管俄罗斯自1917年以来的历史是怎样的，一党独大是任何人所不愿意看到的。	Trotz der russischen Geschichte nach 1917 wäre eine dominante politische Partei besser als gar keine.
1.1244177826848327	国民议会授予戴高乐一年的法令执政权限。	Die Nationalversammlung übertrug de Gaulle per Dekret die Macht, ein Jahr lang zu regieren.
1.123905703507785	1921年至1948年间的平均年人口增长率为4.08%。	Das Bevölkerungswachstum zwischen 1921 und 1948 lag bei durchschnittlich 4,08 Prozent pro Jahr.
1.1232891874511735	东南方则是已有400，000难民涌入土耳其的战火纷飞的叙利亚。	Im Südosten liegt das kriegsgeplagte Syrien, aus dem bereits fast 400.000 Flüchtlinge in die Türkei geströmt sind.
1.1232772102737985	它们积累了大量的外汇储备，估计超过2万亿美金。	Sie haben enorme Devisenreserven mit einem geschätzten Wert von mehr als zwei Billionen Dollar angehäuft.
1.1231743822445226	伊朗公民年满16岁就获得了投票权，也就是说伊朗的合格选民大约有4千8百万左右。	Da man ab einem Alter von nur 16 Jahren wahlberechtigt ist, hat der Iran ungefähr 48 Millionen Wahlberechtigte.
1.1226640519563766	在2010年，中国超越日本成为世界第二大经济体。	Im Jahr 2010 wurde Japan von China als zweitgrößte Volkswirtschaft der Welt überholt.
1.1214963889115417	这可能使巴基斯坦未来几年的年均GDP增长降低1－1.5个百分点。	Dieser Schaden könnte das jährliche BIP-Wachstum noch mehrere Jahre lang um 1 bis 1,5 % verringern.
1.1210842377787265	但也存在一些问题：不少医疗设施陈旧而过时，也时常缺乏必需药品。	Jedoch gibt es Probleme: Viele medizinische Einrichtungen sind baufällig und die medizinischen Geräte oft veraltet und in schlechtem Zustand.
1.1208072710335344	玻利瓦半岛上的玻利瓦港是第二重要港。	Bolivar auf der Bolivar Halbinsel war der zweitwichtigste Hafen der Region.
1.120696277402354	2000年，金砖四国经济体加起来大约能达到美国GDP的四分之一。	Im Jahr 2000 betrug die gemeinsame Wirtschaftsleistung der BRIC-Staaten etwa ein Viertel des US-BIP.
1.1206012635343678	其他国家和地区组织也遵循类似的指导原则。	Ähnliche Richtlinien gibt es auch in anderen Ländern und regionalen Organisationen.
1.120450487342184	1764年，英國首相喬治·葛蘭維爾所頒布的《食糖法》（）和《貨幣法案》（）讓殖民地陷入了經濟困難。	1764 führten Sugar Act (Zuckergesetz) und Currency Act (Währungsgesetz) des britischen Premierministers George Grenville zu wirtschaftlicher Not in den Kolonien.
1.1199545626474972	世界银行预计世界有16座世界最污染的城市位于中国。	Tatsächlich liegen 16 der weltweit 20 Städte mit der größten Luftverschmutzung in China.
1.1196628892925444	1989年9月，波兰成为苏联集团中第一个拥有由民主政党领导的政府的国家。	Im September 1989 hatte Polen die erste von demokratischen Parteien geführte Regierung im Sowjetblock.
1.1194063168847375	沃尔芬森放弃了辉煌的商业生涯，转而领导这场对抗贫困的全球性战役。	Wolfensohn ließ eine erfolgreiche Karriere als Unternehmer hinter sich, um die Leitung der weltweiten Kampagne gegen Armut zu übernehmen.
1.1192073909887876	德国集中营旧址上建起了很多纪念碑，新的纪念碑还在不断树立。	An den Orten ehemaliger Konzentrationslager in Deutschland gibt es viele Gedenkstätten, und neue kommen laufend dazu.
1.1191915973130933	主要官员的这种错误说法助长了一厢情愿的浪费政策。	Solche unrichtigen Aussagen führender Politiker fördern verschwenderische Maßnahmen, die auf Wunschdenken beruhen.
1.118600872618204	《唐森德法案》在1770年被撤銷，理論上殖民地進一步的血腥衝突是有可能避免的。	Die Townshendgesetze wurden 1770 zurückgenommen, und es wurde theoretisch möglich, dass weiteres Blutvergießen in den Kolonien hätte verhindert werden können.
1.1185929547165547	显然，德国政府控制着德国的公共财政。	Natürlich ist die Bundesregierung für die öffentlichen Finanzen des Landes verantwortlich.
1.117587123227879	在20世纪下半叶，泰国大选似乎总与军事政变交替出场。	In der zweiten Hälfte des 20. Jahrhunderts schienen sich in Thailand Wahlen und Militärputsche abzuwechseln.
1.116925453326044	在交易關係之中，公平貿易運動倡導支持下列的一般原則與作法：	Im Einzelnen unterstützen Befürworter des fairen Handels generell die folgenden Grundsätze:
1.11680545683273	早在1934年，国际红十字大会就已通过了关于在武装冲突中保护平民的新增公约的草案。	Internationalen Rotkreuz-Konferenz 1934 in Tokio wurde erstmals ein Entwurf für eine Konvention zum Schutz der Zivilbevölkerung in Kriegszeiten angenommen.
1.1167796764217859	據美国地质调查局估計，北古巴海盆存有大约46亿桶石油和9.8萬億立方米天然氣。	Der Geologische Dienst der USA schätzt Kubas Ölreserven auf rund 9 Milliarden Barrel sowie rund 60 Milliarden Kubikmeter Erdgas.
1.116612689763455	他2岁时，父母分居，随后离婚。	Als er zwölf Jahre alt war, ließen sich seine Eltern scheiden.
1.115789156470835	知名的經濟學家阿马蒂亚·库马尔·森指出，民主國家從來沒有受過大規模的饑荒。	Der Wirtschaftswissenschaftler Amartya Sen hat festgestellt, dass es in keiner funktionierenden Demokratie jemals zu einer Hungersnot gekommen sei.
1.1157286846382977	理论上，低收入个人和家庭应该通过一次性转移支付计划补偿。	Personen und Familien mit geringen Einkommen könnten prinzipiell durch pauschale Transferprogramme vergütet werden.
1.1155886201217575	日本的贸易平衡在2011年由盈余变为赤字，这是1980年来的第一遭。	Japans Handelsbilanz hat im Jahr 2011 zum ersten Mal seit 1980 ein Defizit aufgewiesen.
1.1153552053119546	商业投资也非常萎靡，尽管大公司手握里握有大把现金。	Die Investitionstätigkeit der Unternehmen ist ebenfalls schwach, obwohl große Konzerne über hohe Zahlungsmittelbestände verfügen.
1.1148090238588746	「論功應屬黃興，論才應屬宋教仁，論德應屬汪精衛。	Groß ist der Segen dessen, der ihn mit Heiterkeit und Frohmut begrüßt.
1.1147860469893502	科學革命帶來的成就開始對每個人的日常生活與觀念產生重大的影響。	Die Auswirkungen der frühen wissenschaftlichen Revolution hatten einen immer größeren Einfluss auf das tägliche Leben und das bewusste Denken von jedermann.
1.114783592870894	而在气候变化问题上，全球舆论也发生了类似的转向。	Ein ähnlicher Wandel der öffentlichen Meinung vollzieht sich derzeit in Bezug auf den Klimawandel.
1.1144780417722595	1760年代初期，大英帝國在北美洲掌控有大片土地。	In den frühen 1760ern herrschte das Königreich Großbritannien über ein großes Imperium auf dem nordamerikanischen Kontinent.
1.114113928639928	2005年12月28日，安然公司前首席会计师RichardCausey向法庭认罪，承认犯有证券欺诈罪。	Richard Causey, der frühere Chefbuchhalter, hat sich am 28. Dezember 2005 vor Gericht des Wertpapierbetrugs schuldig bekannt.
1.1140867345265788	这个地区是中欧生物多样性最高的地区之一。	Der Park umfasst eine der Regionen mit der größten Artenvielfalt Afrikas.
1.113968051674426	农业部门生产率也很低，因为机械化程度较低的小农场占据着主导地位。	Auch in der Landwirtschaft ist die Produktivität aufgrund des hohen Anteils weniger stark mechanisierter kleinbäuerlicher Betriebe niedrig.
1.113721678286894	美国女性排名倒数第二，日本女性出生预期寿命低五年多。	Und die der Frauen ist die zweitschlechteste und liegt mehr als fünf Jahre unter der Lebenserwartung in Japan.
1.1135666157604882	而和法蘭西王國先前的印地安盟友之間的戰爭（朋提阿克暴動），即使沒有征服，至少也平息了其西部的邊界。	Ein Krieg gegen Frankreichs ehemalige indianische Verbündete (Pontiac-Aufstand) führte, wenn auch nicht zur Eroberung, so doch zu Befriedung der westlichen Grenzländer.
1.1134819519596975	但这些国家中的大部分真正关注的是美国的"单边主义"。	Die tatsächliche Sorge für den größten Teil der restlichen Welt ist allerdings der amerikanische Unilateralismus.
1.1133162439705835	我们动员私人资金投入到基础设施建设这类的公共事业当中。	Wir mobilisieren Privatfinanzierungen für öffentliche Güter, wie zum Beispiel die Infrastruktur.
1.1132660262091532	与此同时，世界银行和欧洲投资银行也不再向高排放煤电贷款。	Die Weltbank und die Europäische Investitionsbank investieren nur noch in Ausnahmefällen in Kohlekraftwerke.
1.1132490819024072	為了讓大英帝國更加穩固以及帶來更多利益，英國頒布了新的經濟與土地分配政策。	Um sein Imperium stabiler und profitabler werden zu lassen, wurde eine neue Wirtschafts- und Landverteilungspolitik umgesetzt.
1.11299415967283	这6个百分点的预期真实收益率差额便是债券投资者不同寻常的非理性恐慌的写照。	Dieser Unterschied hinsichtlich der erwarteten realen Rendite ist ein Maß für die außergewöhnliche und irrationale Panik der Anleiheinvestoren.
1.1125559402897258	世界银行的所有其它战略都必须与这个战略相协调。	PSD ist für sämtliche Teile der Weltbank verbindlich und alle anderen Strategien müssen hierauf abgestimmt sein.
1.1122004764953446	皇帝的弟弟费迪南不能容忍路德的教徒。	Der Bruder des Kaisers, Ferdinand, wollte die Duldung der Lutheraner aufheben.
1.111887119389356	1982年，达瓦党暗杀伊拉克总统萨达姆·侯赛因失败。	1982 beging die Organisation ein Attentat auf den irakischen Präsidenten Saddam Hussein.
1.110068233756367	部署在苏伊士运河东岸的以色列军队距离开罗只有100公里。	Die am Ostufer des Sueskanals positionierte israelische Armee war nur gut 100 Kilometer von Kairo entfernt.
1.1090391033384162	碳储集之间的交流发生是各种化学，物理，地质和生物过程的结果。	Zwischen den Kohlenstoff-Speichern erfolgt ein ständiger Austausch durch chemische, physikalische, geologische und biologische Prozesse.
1.1087198298952374	”于是明尊從自身進行三次召喚，喚出眾神用以抵禦魔王入侵。	Bösartige (maligne) Tumoren unterscheiden sich von gutartigen (benignen) Tumoren durch drei Kennzeichen: Sie wachsen
1.108664434069612	1958年2月1日，叙利亚和埃及合并为阿拉伯联合共和国（阿联）。	Am 1. Februar 1958 wurde der Zusammenschluss Ägyptens und Syriens zur Vereinigten Arabischen Republik (VAR) bekanntgegeben.
1.1085348403943671	无偿社区服务也将产生积分——而且可能比在岗工作时获得更多。	Ehrenamtliche kommunale Arbeit würde ebenfalls Punkte bringen – möglicherweise sogar mehr als bezahlte Arbeit.
1.1082209262127243	缅甸是一个拥有丰富自然资源的国家，但是它的人民却很贫穷。	Burma ist reich an Bodenschätzen, aber die Menschen sind arm.
1.1082172540123543	从全球范围来看，二型糖尿病的增长是与肥胖水平的增长相一致的。	Weltweit steigen die Fälle von Typ-2-Diabetes parallel zu der zunehmenden Fettleibigkeit an.
1.1081700402907115	至于曼昆，他发现反对他的学生是“信息劣势”的。	Mankiw seinerseits war der Meinung, die Studierenden seien „schlecht informiert“ gewesen.
1.1080052794780322	年GDP增长率接近5%，只有中国和印度能超过这里。	Das jährliche BIP-Wachstum lag bei fast 5%, nur knapp hinter dem Chinas und Indiens.
1.1075375268180012	科普特人是埃及土著，十世纪以前一直是这里的主要人口。	Die Kopten sind die ursprüngliche Bevölkerung Ägyptens und bildeten bis in das 10. Jahrhundert die Mehrheit.
1.1068794581092403	       过去15年来，这一挫折的政治在前共产世界尤为明显。	In der postkommunistischen Welt der vergangenen 15 Jahre ist die Politik der Frustration besonders deutlich geworden.
1.106764318269371	在1791年之后，不列颠属岛屿出产的糖最多，不列颠人很快成为最大的消费者。	Die britischen Inseln produzierten den meisten Zucker, und schnell wurden die Briten die größten Zuckerverbraucher.
1.1062968558006259	然而拉丁文字字母系统的F、Q、W、X和Z根本的没有被利用到。	Die lateinischen Buchstaben c, q, v, x, z werden nicht verwendet.
1.105375923561204	到了十七世纪末，驶离利物浦的船只中有1/4是奴隶船。	In Liverpool war bis Ende des 17. Jahrhunderts eins von vier Schiffen, das in See stach, ein Sklaventransport.
1.105303266359223	1284年威爾斯被英格兰控制，1535年成为英格兰王国的一部分。	Wales, das seit 1284 unter der Kontrolle Englands war, wurde mit der Act of Union 1536 Teil des Englischen Königreichs.
1.1052176524315134	根据2000年的人口普查加尔维斯顿县有250,158名居民，分94,782个户、66,157个家庭。	Nach der Volkszählung im Jahr 2000 lebten im Galveston County 250.158 Menschen in 94.782 Haushalten und 66.157 Familien.
1.1050106237231885	此時除非該確定判決係屬偽造，否則皆應遵守一事不再理原則。	Aber wenn eine Wahrheit so alt geworden ist, so ist sie auf dem besten Wege, eine Lüge zu werden.
1.1043974098386216	据估计，大约有35％的古巴人为受洗的天主教徒，其中许多人同时也倾向于信萨泰里阿教。	Schätzungen zufolge sind etwa 35 Prozent der Kubaner katholisch getauft, darunter auch viele Santería-Anhänger.
1.10435383260484	尽管受到经济危机和民粹主义的影响，全球而言还是取得了进展。	Auch auf globaler Ebene wurden Fortschritte gemacht, trotz Wirtschaftskrise und populistischen Gegenwinds.
1.1037137837848228	瑞士於1963年加入欧洲委员会。	Am 6. Mai 1963 trat die Schweiz auch dem Europarat bei.
1.103007359060195	70%的被奴役劳工被送往新大陆被迫种植糖，这是劳动密集型农作物。	70 Prozent der Sklaven in der Neuen Welt wurden beim Zuckerrohranbau und dem arbeitsintensivsten Bereich der Getreidewirtschaft eingesetzt.
1.102773483744093	但这场拔河十分重要，因为这说明了观点角逐的复杂程度。	Doch dieser Disput ist durchaus von Bedeutung, denn er veranschaulicht die Komplexität der verwendeten Argumente.
1.1027282176340745	许多媒介人士戏称这些记者招待会为“埃弗和杰利演出”。	In den Medien wurden diese Auftritte als „The Ev and Jerry Show“ bekannt.
1.1026201407184781	同类实验在新西兰，澳大利亚和日本都被彻底禁止或者严加监管。	In Neuseeland, Australien und Japan sind Experimente an Menschenaffen heute entweder verboten oder stark eingeschränkt.
1.102459470882975	总理梅莱斯·泽纳维消灭了反对者，在位已经高达18年。	Premierminister Meles Zenawi, der seit 18 Jahren im Amt ist, hat die Opposition zerschlagen.
1.1017572250994412	它的主要早期的影响来自英国和爱尔兰的移民。	Es handelt sich vor allem um Nachfahren von Einwanderern aus Großbritannien und Irland.
1.1013625577214756	直至1988年，這項政策仍未有重大改變。	Diese Situation hatte sich bis zum April 2009 noch nicht wesentlich geändert.
1.101095153796388	随机实验最终证明它完全无益，并且显著增加了患乳腺癌和血管血块的几率。	Randomisierte Studien zeigten letztlich keinen Nutzen dieser Ersatztherapie und einen deutlichen Anstieg von Brustkrebs und Blutgerinnseln.
1.1004800843608689	这个市区的居民获得了特别的税务优惠：他们被免税十年。	Betriebe, die sich hier ansiedelten, wurden für zehn Jahre steuerfrei gestellt.
