1.3174100548013234	Ils sont entièrement dévoués à sa cause et sont devenus ses messagers auprès des hommes.	在五旬節，彼得向驚訝的群衆指出，他們其實正目擊預言的應驗：“這正是先知約珥所説的。
1.2812500200922723	Il n'y a pas lieu, cependant, de rejeter le témoignage unanime des Anciens.	在當前的假設之下，估計的參數向量是精確分佈的。
1.264852663152656	La Russie a aussi besoin d'une stratégie de sécurité nationale pour compléter son renouveau politique et économique.	       俄罗斯还需要一个全国安全战略以补充其政治和经济复苏。
1.2566914676954841	Le monde arabe a joué ce rôle bénéfique dans le passé et est capable de le jouer à nouveau.	阿拉伯世界在过去曾经扮演过这一有益角色，也可以再次扮演这一角色。
1.255039838774765	Notre recherche a identifié 15 domaines qui sont importants pour promouvoir l'inclusion sociale.	我们的研究发现了对15个对促进社会包容十分重要的领域。
1.2543863046087305	Le “soft power” du modèle politique et social européen est bien connu.	欧洲政治和社会模式的“软实力”是众所周知的。
1.2543645127037544	Après plus de cinquante ans, l'Europe comme communauté de valeurs est toujours aussi nécessaire.	在50多年以后，欧洲作为一个价值观共同体的必要性仍然一如既往。
1.248507712355988	Ce genre d’assurance existe déjà à petite échelle sous la forme d’assurance-chômage crédit.	   这种形式的保险已经以失业信贷保险的形式小规模地存在了。
1.2436543278517997	Le gouverneur de la Banque centrale chinoise a récemment souligné ce point fondamental.	中国中央银行行长最近也强调了这个基本观点。
1.2424507145703592	Selon l’accord mis en place cette semaine, elle gardera ce contrôle.	按照本周签署的这项协议，该公司将继续保留这样的控制权。
1.2396610101323688	Pour ce faire, nous devons redéfinir ce qu’est un chef d’entreprise compétent.	为了实现这一目标，我们必须重新定义什么才是胜任的商业领袖。
1.238215162038701	Créer un « espace politique » pour les pays en développement, dans les accords de l’OMC.	在世贸组织协定中为发展中国家创造“政策空间”。
1.2375671100187418	En fait, les études menées sur les animaux ont joué un rôle fondamental dans presque tout progrès médical important.	事实上，动物研究在几乎每一项重大的医学进步中都扮演了一个重要的角色。
1.2355320631192608	A la fin de la Seconde guerre mondiale, il n’y avait que cinq murs frontaliers dans le monde.	第二次世界大战结束时，全世界只有五座边境墙。
1.2342741806646806	Les organismes de régulation du monde entier ont travaillé dur pour rendre le système financier plus sûr.	全世界机关机构一直在努力让金融系统变得更安全。
1.2326286542328875	En cas de succès, la communauté internationale doit coopérer rapidement et pleinement avec l'Autorité palestinienne.	这一努力要想成功，国际社会必须全面、迅速地与巴勒斯坦权力机构进行合作。
1.232131506224967	Le système politique américain n’a jamais été conçu pour diriger le monde.	美国的政治系统从来就不是为统治世界设计的。
1.2294289554494198	En particulier, leurs fonctions techniques doivent être bien différenciées de leurs rôles politiques.	特别是，它们的技术功能必须与政治角色明确区分。
1.2253669031497552	Ceci se vérifie particulièrement pour les pays en voie de développement et les marchés émergents.	对于发展中国家和新兴市场而言尤其如此。
1.225043505155199	Dans ces nations, l'environnement est directement lié au développement humain et à la pauvreté.	在这些国家，环境直接与人类发展-及贫困相连。
1.2248946463666226	Les valeurs occidentales peuvent faire l'objet d'attaques, mais les marchandises occidentales sont les bienvenues.	西方价值观可能受到攻击，但对西方的商品却抱着欢迎的态度。
1.2248843009202466	Lorsqu’elles sont adoptées, ces politiques font souvent l’objet de critiques.	当采取这些政策时，往往会招来批评。
1.2244717974146657	Les nations en développement auront besoin d’une aide financière pour protéger les plus pauvres et les plus vulnérables.	发展中各国需要增加财政支持，来保护那些最贫穷和最容易受到伤害的人。
1.2242045686001837	La véritable semaine de travail pour la plupart des employés s’approche sans doute davantage des 39 heures.	大多数工人的有效工作时间大概有接近39小时。
1.2235453953286393	Après les attaques terroristes du 11 septembre 2001, le président Bush s'est lancé dans une politique étrangère unilatérale.	2001年9月11日发生恐怖袭击后，布什总统开始推行单边外交政策。
1.2229458895365193	Le leadership politique du Japon doit être fondé sur une structure politique compétitive, mais stable.	日本的政治领导层需要建立在竞争性，但却稳定的政治架构之上。
1.220732796997047	Tout d'abord, le gouvernement central ou fédéral doit conserver suffisamment de pouvoir fiscal.	首先，中央或联邦政府应该保留相当大的财政权力。
1.2203720460382124	Les élections ne seront pas totalement libres, mais le gouvernement ne pourra pas les manipuler complètement.	选举不会是完全自由的，但政府也不能完全操纵它。
1.220366856668268	Il est indispensable que tous les États considèrent avec le plus grand sérieux la menace que représente le terrorisme nucléaire.	所有国家都必须认真对待核恐怖主义威胁。
1.2201641984551213	Les politiques monétaires indépendantes ont besoin d’un taux de change flexible, non pas d’une réévaluation.	独立的货币政策要求灵活的汇率，而非重新估价。
1.2141039916558607	Après tout, la crise financière mondiale a gravement endommagé la crédibilité des agences de notation dans leur ensemble.	毕竟，全球金融危机大大伤害了评级机构的整体信誉。
1.213842690739994	Quoiqu’il en soit, les activités nucléaires de l’Iran placent le monde devant des choix difficiles.	无论是哪种情况，伊朗的活动都让世界面临艰难的选择。
1.2138116220947215	Or, un mois plus tard, la Banque centrale européenne était finalement intervenue pour réprimer la panique.	但就在一个月之后，欧洲中央银行最终介入以缓解恐慌。
1.2118302378651682	Quant aux économies émergentes et en développement, elles devraient soutenir les sources intérieures de croissance.	而新兴和发展中国家应该支持内部增长源。
1.2092269639380258	Le nouveau gouvernement doit rapidement définir une politique pour contrer le terrorisme.	新政府应尽快设计出对付恐怖主义的政策。
1.2090841789792706	Les États-Unis sont les plus préoccupés de cyber sécurité et la protection de la propriété intellectuelle et des infrastructures.	美国最关心网络安全和保护知识产权和基础设施。
1.2082458181397426	Un vote pour la reconnaissance d’un État palestinien est un vote pour la paix.	投票承认巴勒斯坦国地位就是投票支持和平。
1.2080329483579166	Le développement de sociétés civiles, la croissance économique et l’ouverture sur le monde sont tout aussi importants.	建立平民社会、经济发展和向全世界开放也同等重要。
1.2072814422213973	Des politiques macroéconomiques stables doivent également être en place, tout en évitant des taux de change fixes.	需要制订稳定的宏观经济政策，同时要避免固定的汇率。
1.2068130272400663	Dans le même temps, la performance économique dépend, dans une mesure considérable, de la politique économique.	与此同时，经济表现在很大程度上取决于经济政策。
1.206346229221221	C’est l’âge, et non la classe sociale, qui fera le résultat des élections de juin.	年龄的因素，而不是社会阶层将决定着6月的选举结果。
1.2056849260976217	L'Assemblée générale de l'ONU et la Commission des droits de l'homme ont fait de même.	联合国大会和联合国人权委员会也发出了同样的呼吁。
1.2053368099270692	Cela implique également d'apporter plus de ressources aux pays en développement pour la préservation de l'environnement.	这也意味着为发展中国家的环境保护提供更多的资源。
1.204717272264631	Ses efforts n’ont pas totalement été couronnés de succès, mais il est parvenu à éviter le pire.	他的努力算不上有多成功，但确实设法避免了最坏结果。
1.2032129850924855	Les talibans ne combattaient pas la culture occidentale, mais la culture afghane traditionnelle.	塔利班对抗的不是西方文化，而是传统的阿富汗文化。
1.2031268788525622	L’administration publique nécessite une modernisation urgente, les ressources publiques devant par ailleurs être utilisées plus efficacement.	公共管理急需现代化，公共资源必须得到更有效率的使用。
1.2028947741595686	Les attaques terroristes du 11 septembre 2001 appelaient une réponse vigoureuse.	2001年9月11日的恐怖袭击迫使我们做出强烈的反应。
1.2028246683373922	A l’intérieur, l’Europe devrait rester une société et une économie ouvertes.	对内而言，欧洲必须坚持作为一个开放的社会和开放的经济体。
1.2027127472477648	Les entreprises privées peuvent aussi tirer parti d'une bonne compréhension des mesures politiques sur iCrowd.	私人企业也可以从理解iCrowd政治中获益。
1.200805861182967	La perte de souveraineté nationale est alors compensée par ‘l’internationalisation’ des politiques démocratiques.	这样国家主权的损失可以通过民主政治的“国际化”来加以弥补。
1.200762507423638	L'Etat joue un rôle central dans la société moderne, et à juste titre.	国家在现代社会中扮演着核心角色，理应如此。
1.200602182385363	Pour que le jeu puisse continuer indéfiniment, il faut entretenir la confiance des autres joueurs.	为了让游戏无限期地进行下去，你必须保持其他玩家的信任。
1.1998989184651774	Elle a contribué à concentrer l’attention des médias sur l’engagement de l’Amérique à aider le peuple pakistanais.	他们努力把媒体的注意力集中到美国帮助巴基斯坦人民的承诺之上。
1.1995356668888904	Les investissements dans les infrastructures, l'éducation, et la technologie contribuent à la croissance à long terme.	基础设施、教育和技术方面的投资有助于推动长期增长。
1.1994955999459183	Plus généralement, les pays africains doivent mettre de l’ordre dans leurs systèmes politiques et économiques.	从更广义的角度讲，非洲国家需要规范自己的政治和经济秩序。
1.1990327824764664	Tabari fait remonter Ismaël, en passant par Abraham et Noé, à Adam.	在经过了9天焦躁不安的跋涉之后，（途中有些城镇欢迎他們到來，有些城镇拒绝），他们终于来到荷兰城市阿纳姆。
1.1988411714103497	De nombreux dirigeants changent d'objectifs et de style au cours de leur carrière.	很多领导然在职业生涯中会改变他们的目标和风格。
1.1970801097381523	Tout politicien, qu’il soit progressiste ou conservateur, veut aller de l’avant, pas en arrière.	自由或保守派的所有政治家都希望前进，而不想倒退。
1.1967508192850267	À défaut d’un diagnostic précis de la crise de 2008, aucun traitement efficace ne peut être prescrit.	要不是准确地诊断了2008年危机，是无法开出有效的药方的。
1.1964808795953774	Réduire le temps de travail de 20 pour cent a permis à des millions d’ouvriers de conserver leur emploi.	减少20%的工作时间可以额外令数百万劳动者得以留在工作岗位上。
1.1950564710238845	Le Kazakhstan et le Turkménistan sont aussi de grands exportateurs de gaz naturel.	哈萨克斯坦和土库曼斯坦也是天然气的重要出口国。
1.194061343107799	La communauté internationale doit également se préoccuper des implications régionales du coup d'Etat.	国际社会还应该担心政变的地区影响。
1.1936447432475	Singapour devrait continuer de constituer un modèle pour la Chine, en dépit de sa taille plus réduite.	新加坡可以继续成为中国的榜样，尽管其规模很小。
1.1928103156478727	Certains experts disent que la production mondiale de pétrole sera à son plus haut dans une dizaine d’années environ.	某些石油专家认为，世界石油生产将会在未来十年左右达到顶峰。
1.1918130541758671	Cette seconde campagne antistalinienne dura deux ans, ce qui ne suffit pas à changer les mentalités du pays.	第二场反斯大林运动持续了2年，还不足以改变这个国家的思想状况。
1.1914201368574036	L'Islam pourrait de la sorte devenir une véritable source d'inspiration pour la communauté de valeurs européenne.	如果这样，伊斯兰就可能真正成为欧洲社会价值观重要的灵感源泉。
1.1912459171051304	Mais le monde a évolué depuis les années 1970 en direction d’un taux de changes plus flexible.	但自上世纪70年代以来，世界已经向着更灵活汇率的方向迈进了。
1.191116332714123	À défaut d’infrastructures et de capital humain, l’investissement des entreprises ne peut se révéler rentable.	没有基础设施和人力资本，商业投资就不可能盈利。
1.1910432982524486	De même que les économies développées, les économies émergentes ont connu un boom entre 2000 et 2007.	与发达经济体一样，新兴经济体在2000—2007年间经历了繁荣。
1.1909380915206358	L’un des meilleurs moyens d’éviter le cancer est de consommer fruits et légumes en quantité.	预防癌症的最佳办法之一就是大量食用水果和蔬菜。
1.1907446773772206	Les résolutions subséquentes du Conseil de sécurité et les traités internationaux ont confirmé ce principe.	后续安理会决议和国际条约都秉承这一原则。
1.1900386799736975	Pourtant la croissance économique en 2014 des États-Unis devrait rester bien en deçà de son potentiel.	但美国2014年的实际经济增长将维持在低于其真实潜力的水平。
1.1900194238205022	La coordination internationale des politiques économiques devrait être considérablement renforcée pour faire face efficacement aux changements d'une telle ampleur.	应该着力强调国际经济政策协调，以便有效地应对如此规模的变局。
1.1897230146178754	Heureusement, le grand public prend de plus en plus conscience des conséquences de la consommation de combustibles fossiles.	幸运的是，公众对化石燃料消费影响的认识越来越清楚。
1.1894168713097544	Le régime a essayé de dissocier la politique et l'économie, mais Liu a montré que c'est impossible.	当局试图将政治与经济分割开来，但刘晓波证明了这是不可能做到的。
1.1888505375674647	La sécurité nucléaire est une question qui concerne le monde entier et qui requiert une action à l’échelle internationale.	核安全是一个全球性问题，要求全球性行动。
1.1876975564066699	Les pays africains riches en minéraux doivent exploiter leurs abondantes ressources naturelles.	   非洲矿物储量丰富的国家必须利用它们丰富的自然资源。
1.187533913784785	Grâce à une plus grande clarté des politiques chinoises et américaines, les deux économies devraient gagner en dynamisme.	中国和美国的政策将日益清晰，这两个经济体应该都能获得动力。
1.1871545339077383	Dans cette concurrence pour le marché mondial, l’Europe ne peut être compétitive sur la seule question du coût.	在这一全球市场的竞争中，欧洲不能光在价格上竞争。
1.1867718278075374	Après le coup d'Etat militaire de 1952, les Soviétiques ont fourni une grande partie de l'aide nécessaire.	1952年军事政变后，苏联提供了大量所需援助。
1.1861856182749426	La proposition implique les deux plus grandes zones économiques mondiales et comporte des implications nationales, régionales et mondiales.	这个提议涉及到世界两个最大的经济区域，且在国家、地区和全球层面都有影响。
1.1861577346244452	Mais quand il s'agit de la prise de décision politique, le contrôle et la responsabilité démocratiques sont essentiels.	但当问题来到政治决策时，民主控制和问责才是至关重要的。
1.1859062707967645	L'épizootie (épidémie animale) qui en a résulté a affecté plus de 280 000 vaches.	由此引发的家畜传染病影响了28万多头牛。
1.1856125706482628	Cela n’est pas possible sans autoriser une forme d’expression religieuse dans la vie publique.	不在公共生活中留出某种形式的宗教表达空间是不可能的。
1.185097651617391	Le consensus mentionné à la conférence de presse de décembre n'existe tout simplement pas.	Trichet在12月的新闻发布会上所声称的共识根本不存在。
1.185082560265774	La reprise du processus de paix avec l’Autorité Palestinienne n’est qu’une façade.	与巴勒斯坦民族权力机构恢复和谈也许只是一块遮羞布。
1.184349264976625	Des traités entre pays peuvent harmoniser les règles régissant le commerce et d'autres domaines.	国家间条约能够协调管理商业和其他领域的规则。
1.183840530419701	Cela est vrai pour n’importe quel pays, mais particulièrement pour les pays riches.	这条规律对任何国家均不例外，但对富裕国家尤其如此。
1.183175362199591	En mars 2015, un nouveau cadre global pour la réduction des catastrophes doit être déterminé à Sendai au Japon.	2015年3月，新的全球减灾框架将在日本仙台达成。
1.1831015606798965	Les institutions internationales et les partenariats qui ont émergé dans les années d'après-guerre doivent être entretenus et modernisés.	战后时期出现的国际机构和合作关系既需要维持，也需要现代化。
1.1828335291111618	La croissance a à nouveau marqué le pas et le Fonds monétaire international a en fait réduit ses prêts.	经济增长再度滑落，而国际货币基金实际上减少了放贷量。
1.1819895523126502	Dépenser 1 milliard de dollars pour traiter la tuberculose en une année permettrait de sauver un million de vies.	在肺结核治疗上每年花费10亿美元将会挽救一百万人的生命。
1.1816861847059972	La meilleure manière d'attirer la jeunesse vers les arts du spectacle est de passer par l'éducation.	吸引年轻人欣赏表演艺术的最佳方式就是通过教育。
1.180756457744365	Convaincre les investisseurs étrangers directs que l'Inde est une destination fiable augmentera l'afflux de fonds à long terme.	让外国直接投资者相信印度是可靠的投资地将增加长期资金流入。
1.1802982927257297	À la suite de la crise économique mondiale, les marchés émergents sont devenus les moteurs de la croissance mondiale.	全球金融危机爆发以来，新兴市场成为全球增长引擎。
1.180011004735699	En fait, les interventions des gouvernements et des institutions internationales semblent indiquer qu’il existe des solutions plus durables.	事实上，各国政府和国际组织试图寻找更持久的解决办法。
1.179569778200629	Les personnes peuvent échanger leur savoir-faire, apprendre les unes des autres et faire du commerce.	人们可以交换技能、互相学习，还能从事交易。
1.1793245217177821	Les communistes maîtres du pays ont donné l'ordre aux forces de sécurité de tirer sur le peuple.	这个国家的共产党领导人命令安全部队对民众开枪。
1.178704834345144	Cette année, dix millions d’enfants vont mourir dans des pays aux revenus faibles et moyens.	   今年，中低收入国家将会有一千万儿童死亡。
1.1785358876435799	Le réchauffement climatique s’annonce comme le principal défi environnemental à long terme de ce siècle.	气候变化已隐隐成为本世纪主要的长期环境问题。
1.1779018755568504	Depuis la crise financière mondiale de 2008, un grand nombre de nouvelles règles ont été mises en place.	自2008年全球金融危机以来，欧洲已经实施了大量新规则。
1.177246448709949	Une partie de la Cisjordanie a été entièrement annexée par Israël, ou encore saisie par les colons israéliens.	约旦河西岸的一部分要么被以色列彻底吞并，要么被以色列定居点占领。
1.177183824332267	Il est extrêmement important que les services publics, les investissements publics et les politiques publiques soient bien gérés.	好的公共服务、公共投资和公共政策管理至关重要。
1.176973556036175	La grande question est de savoir si les gouvernements ont pris conscience des puissants moyens que présente cette évolution.	大问题是政府是否认识到这一发展趋势的潜在力量。
1.1768593845093147	De nombreuses organisations non gouvernementales, laïques et religieuses, se sont opposées à cette résolution.	许多世俗和宗教性质的非政府组织也反对这项决议。
1.176663705347938	·        Enfin, la communauté internationale doit tenir ses engagements d’augmenter les aides.	   第三，国际社会有责任实现其增加援助的承诺。
1.1761613816707388	Après 1979, les craintes sur les limites à la croissance et à la puissance nucléaire ont disparu.	1979年之后，对于增长极限和原子能的恐惧消退了。
1.175774369895466	Une décennie de progrès notables dans le domaine de la santé a prouvé que les sceptiques avaient tort.	十年来卫生成果的巨大进步已经证明，怀疑者是错的。
1.175560444806013	Pour la première fois dans l’histoire palestinienne, un parti religieux domine le pays.	在巴勒斯坦历史上，一个宗教政党首次占据统治地位。
1.1748857296981032	Le pacte de croissance du G20 doit s'accompagner d'un pacte de création d'emplois.	而G20集团的增长协议也必须成为一项就业增长协议。
1.1747225621820485	En fait, les États-Unis ont joué un rôle prépondérant dans l’essor de la Chine.	事实上，美国在中国崛起过程中起到了关键作用。
1.1745196390822392	En 2001, un groupe terroriste a tué plus d’Américains que le gouvernement japonais à Pearl Harbour.	在2001年，一个非国家团体杀死的美国人比日本政府在珍珠港杀死的美国人还要多。
1.174170690044246	L’ "Environment Protection and Biodiversity Conservation Act 1999" est un cadre juridique pour la protection des espèces menacées.	联邦《1999年环境保护和生物多样性保育法案》是保护濒危物种的根本法律。
1.173819002458395	L'Afrique a un excédent de main-d'œuvre agricole et trop peu d'autres emplois.	非洲农业劳动力过生，其他工作岗位又过少。
1.1736444580109382	La politique étrangère n'avait joué pratiquement aucun rôle lors de la campagne présidentielle de 2000.	在2000年美国总统大选中，外交政策几乎没有起到任何作用。
1.1735082519416393	Un système de brevet mal conçu – tel que le nôtre – peut freiner la poursuite des recherches.	设计糟糕的专利体系——像目前这个一样——会阻碍后续研究。
1.1733356322734403	Ce rapport pourrait bien entraîner une situation périlleuse, car il risque de faire dérailler l’ensemble du processus.	一种危险的情况可能出现，因为这份报告可能导致整个进程脱轨。
1.172621984271503	Les pays doivent investir en équipements et infrastructures, et aussi échanger des renseignements outre frontière.	各国必须投资于设备和基础设施，并实现情报的跨国共享。
1.1718200054148515	Le gouvernement, bien sûr, est le secteur intensif en services par excellence.	当然政府就是一个纯粹的服务密集型行业。
1.1715787261148953	Aujourd’hui, l’impact d’une maladie dans un pays fini par rebondir sur tous.	今天，疾病对一个国家的影响最终会波及到所有国家。
1.1707829525805273	Le régime technopolitique reconnaît également le rôle crucial que jouent la coopération, la réflexion stratégique, et l’adaptation.	技术政治也认识到合作、策略思维和适应的关键作用。
1.1705076310335194	En effet, la Chine connaît en moyenne un important accident écologique touchant l'eau tous les deux jours.	实际上，中国平均每两天就会发生一起严重的水污染事件。
1.1701922275436447	À court terme, la zone euro a besoin d'une politique monétaire et budgétaire beaucoup plus souple.	在短期，欧元区必须大幅放松货币和财政政策。
1.1699652622380663	Les femmes sont de nos jours plus susceptibles d'occuper des postes politiques de haut niveau.	如今，女性占据顶尖政治职位的可能性更大。
1.1699489705373178	Les dictatures en Afrique du Nord et au Moyen-Orient ont tenté de supprimer les conservateurs islamiques.	北非和中东的独裁统治试图镇压伊斯兰教保守派。
1.1698694635426181	De nombreux pays pauvres sont gravement en retard pour atteindre cet objectif.	许多贫困国家在完成这个目标的途中远远地偏离了轨道。
1.1696048447709504	Six mois plus tard, en septembre 1971, dix millions de réfugiés avaient rejoint l’est de l’Inde.	1971年9月，一千万难民涌入东印度。
1.1695528440877467	De nombreuses études universitaires montrent que le taux de convergence tend à être d'environ 2% par an.	许多学术研究发现这一收敛速率大约在每年2%。
1.1695326930972454	Compte tenu du degré insuffisant de demande qui entrave la croissance, les investissements doivent venir en premier.	考虑到需求不足大大制约着增长，应该把投资放在首位。
1.1689960101895278	En 2000, la communauté internationale s’est engagée à réaliser l’éducation primaire universelle (EPU) pour 2015.	2000年，全世界立志要在2015年前在全球普及初等教育（UPE）。
1.1684665852673648	D'autres pays et organisations régionales ont mis au point des directives semblables.	其他国家和地区组织也遵循类似的指导原则。
1.1682200968061713	Notre politique étrangère doit conserver sa confiance en elle-même et sa capacité d'agir de manière responsable.	我们的外交政策必须保持希望和负责任地行动的能力。
1.1682113231834015	Le système bancaire de l’Europe détient déjà plus d’un billion d’euros en capital.	欧洲银行体系资本已经超过1万亿欧元。
1.166273216166036	Mais des pays comme l'Afrique du Sud présentent des garanties constitutionnelles fortes en ce domaine.	但南非等国家已经建立了强大的宪法产权保护。
1.1661654853387744	Dans les années 1960, la livre sterling était la seconde monnaie de réserve au monde.	20世纪60年代，英镑还是世界第二大储备货币。
1.1661468283164225	L’impact ne se limite pas à la performance économique ou aux mouvements des marchés financiers.	影响不仅仅局限于经济表现和金融市场走势。
1.1661189137868573	Le gouvernement utilise alors son pouvoir coercitif pour limiter la hausse des prix.	然后政府动用其强制力来控制物价增长。
1.1660537658324819	Depuis 30 ans, l'Afghanistan subit une guerre qui s'étend maintenant Pakistan et au-delà.	阿富汗处于战争状态已有三十年了，而且战争正在向巴基斯坦和更远处蔓延。
1.1657255293989155	Ces problèmes ont été rappelés année après année dans les rapports du Programme de Développement des Nations Unies.	上述问题在联合国发展计划署的年度报告中已是屡见不鲜。
1.1653971454550798	Si l'église est dédiée à la Vierge Marie, cette dernière peut y figurer à la place du Christ.	如果教堂是献给圣母玛利亚的，这里可能会以她来取代基督。
1.1653770500969833	La population urbaine au Liban se fait remarquer pour son esprit d'entrepreneuriat commercial.	黎巴嫩的城市居民以他们的商业企业而闻名。
1.1647393597555662	Compte tenu de ces avantages, les fonds souverains jouent un rôle important et croissant dans le financement des infrastructures.	在这些优势的推动下，主权财富基金在基础设施融资中扮演着（越来越）重要的角色。
1.1645317392541987	Les consommateurs doivent avoir confiance dans la sécurité des produits qu'ils achètent, quelle que soit leur origine.	消费者需要对他们所购买的产品安全具有信心，无论这些产品是在本国或是外国购买。
1.1642970469535223	D’autres pays en revanche ont pris des mesures permettant d’envoyer des fonds depuis un téléphone portable.	而其他国家已经采取措施，使人们可以通过手机进行汇款。
1.1642959584972241	Une coopération en matière de sécurité est donc souhaitable pour les Etats-Unis, et indispensable pour l'Amérique latine.	在安全事务上进行合作是美国渴望的，也是拉丁美洲国家所需要的。
1.1627377090771558	Il faut adopter de nouvelles approches, tels les partenariats entre les instituts de recherche publics et le secteur privé.	必须依靠新的新方法，如公共研究机构和私人企业的合作。
1.1626584833662363	Le lobby des armes aux Etats-Unis est très puissant, et les hommes politiques craignent de s’y opposer.	枪支游说集团在美国仍然势力强大，政客不敢得罪他们。
1.162511290509368	Au Groenland, deux énormes blocs de glace se sont détachés en juillet et août.	在格陵兰岛，有两块巨型冰川分别在7月和8月崩塌入海。
1.1624834192377826	Ils ont joué un rôle colossal dans l'érosion du système soviétique ".	它们在侵蚀苏维埃体系的过程中发挥了巨大的作用。
1.1622749388639197	Plusieurs années supplémentaires de taux d'intérêt extrêmement bas rendraient vulnérables beaucoup de ces entreprises.	超低利率如果继续这样延续几年，许多这类企业就将变得极为脆弱。
1.161952777894925	D'autres groupes, principalement constituées de Tatars de Crimée et d'Ukrainiens, ont montré leur soutien à la révolution.	其他团体，包括克里米亚鞑靼人与乌克兰人则支持乌克兰革命。
1.1612984043796735	Plus notre science sociale est aboutie, plus la pertinence de notre analyse politique est réduite.	我们的社会科学越完善，我们的政策分析越无用。
1.1609368921143637	La séquence physique-chimie-biologie suppose que le développement professionnel collégial continu pour les professeurs est essentiel.	物理-化学-生物学的学习顺序表明对教师进行持续的大学专业发展非常重要。
1.1609024550424134	Nos recherches ont montré que cette politique industrielle est parvenue à rendre compétitive l’industrie brésilienne du bioéthanol.	我们的研究结果表明行业政策成功地推动了巴西颇具竞争力的生物乙醇行业。
1.1607320091812852	Encore récemment, Exxon Mobil et d’autres entreprises payaient des groupes de pression pour influencer le débat public.	直到最近，埃克森美孚公司和其他公司还支付游说公司试图扭曲公共辩论。
1.1605743190800444	L’influente Agence de protection de l’environnement américaine (EPA) a également été mise en place sous Nixon.	美国势力强大的环境保护署也是在尼克松时期建立的。
1.1605555387969495	Le but même du développement économique est assurément de réduire le coût de l’inefficacité.	毫无疑问，经济发展的全部意义就在于降低无效率的成本。
1.1604627363126472	Les achats d'actifs n'ont pas d'effet au bilan, car les actifs remplacent l'argent.	资产收购并在资产负债表上并没有影响，因为资产取代了钱。
1.1602198481120747	La situation souligne l’ambiguïté entourant le rôle du budget de l’UE dans l’intégration européenne.	这一状况凸显出欧盟预算在欧洲一体化进程中作用不清。
1.1601655009019725	Et leur déploiement a inutilement divisé l’opinion publique australienne sur la question vitale de la sécurité nationale.	此外，他们还引发了澳大利亚公众舆论对国家安全关键问题的不必要的争议。
1.160164299419063	Son industrie de l'externalisation se développe deux fois plus vite que celle de l'Inde.	其外包产业增长速度比印度快一倍。
1.1601451231538045	L’année dernière, en deux jours, le gouvernement du Kenya a distribué plus de deux millions de moustiquaires.	去年在仅仅两天时间里，肯尼亚政府发放了2百多万顶帐篷。
1.1600302029542802	Au cours des 25 dernières années, le secteur agricole du Ghana a connu une croissance annuelle moyenne de 5 %.	在过去25年中，加纳农业部门平均年增长率高达5%。
1.1595123332547168	Certains artistes modernes et leurs mécènes exposent explicitement le parallèle entre art contemporain et nouveaux produits financier.	一些现代艺术家和他们的顾客明确指出了当代艺术和金融新产品之间的相似之处。
1.159138304786636	Il reste à savoir si cette évaluation des services des renseignements américains est basée sur des informations crédibles ou pas.	”美国的这个情报评估是否建立在可靠的消息上还不知道。
1.1585175971910453	Nous devons donner aux populations des emplois qui leur permettent de contribuer positivement à la reconstruction du pays.	我们必须为人们提供工作来让他们为建设国家贡献力量。
1.1581668993009484	Le président de la BCE Mario Draghi a offert une telle narration aux marchés financiers en juillet dernier.	去年7月，欧洲中央银行行长德拉吉就为金融市场提供了这样一种故事。
1.1577890701551337	Même si une nouvelle autoroute était en construction, la route était encombrée de véhicules et de bêtes.	尽管新的高速公路还在建设，但施工现场布满了车辆和动物。
1.1577759623672237	Les changements en cours dans la politique de défense américaine reflètent les prévisions d’organisation.	美国国防政策正在发生的变化反映了一些规划性的假设。
1.1570131032077051	Malheureusement, le système s'est complètement effondré une fois que la guerre a éclaté en août 1914.	不幸的是，这一体系在1914年8月大战爆发后全盘崩溃了。
1.1566091597255304	De même, le taux de chômage en Espagne dépasse les 25% (et 55% pour les jeunes).	西班牙的失业率在25%以上（其中55%是年轻人）。
1.1563110823260587	Les contradictions économiques américaines font partie d’un nouveau cycle économique né en 1980.	   美国的经济矛盾是从1980年形成的新的商业周期的一部分。
1.1559428816717532	Idéalement, ce chef d’état serait un président élu plutôt qu’un monarque héréditaire.	在理想情况中，这个国家首脑应该是当选总统而不是世袭君主。
1.1554875592027696	Et le commerce international des services a tendance à progresser plus rapidement que le commerce des marchandises.	国际服务贸易扩张也要快于商品贸易。
1.1552627882573598	Tout cela suggère que le manuel d'économie de 2033 sera très différent du manuel d'économie d'aujourd'hui.	所有这些都表明，2033年的经济学教科书会与今天大不相同。
1.15474763522173	Dans l’industrie textile, les profits en 2008 ont chuté pour la première fois en dix ans.	2008年，纺织行业在10年以来首次出现盈利下降的情况。
1.1546742457525663	En principe, les personnes à faible revenu et les familles pourraient être compensées par des programmes de transfert forfaitaire.	理论上，低收入个人和家庭应该通过一次性转移支付计划补偿。
1.1546480082452928	Par ailleurs, il est évident que la politique étrangère de Poutine vise à stimuler le chauvinisme populiste.	普京的外交政策还明显企图挑动民粹沙文主义。
1.1538394735073856	Onze enfants décédèrent au cours de l’essai du Trovan, plusieurs autres en sortant handicapés de façon permanente.	特洛芬试验期间有11名儿童死亡，其余的人留下了终身残疾。
1.153512531897185	Ces deux cas auraient été difficilement imaginables quelques décennies plus tôt.	而所有这些在短短十几年以前都是不可以想象的。
1.1533476680025259	L'insécurité alimentaire met en évidence tous les grands problèmes liés au désordre du monde moderne.	疲软的粮食保障反映了当今世界的无序状态所带来的一切问题。
1.152714441665519	Leurs enfants grandissent sans parents à la maison – et sans espoir ni soutien.	他们的孩子在父母不在家的环境中长大，感受不到希望和支持。
1.1526502371690779	Dans une région de plus en plus dominée par la puissance chinoise, il se retrouvera sans pays asiatique ami.	在一个中国势力日益占主导地位的地区，他将失去所有的亚洲朋友。
1.1525070702649343	Mais ils voulaient aussi que les banques participent plus au financement d’investissements nationaux et industriels.	但他们也要求银行配置更多资金于国内投资和产业领域。
1.1523285092198632	Une autre scène présente de façon très vigoureuse la noyade de l'armée de Pharaon dans la mer Rouge.	另外一处场景以充沛的精力展示了法老的军队被红海所淹没的情形。
1.1521440324240861	Le colonialisme et la traite des esclaves ont constitué une rupture historique pour l'Afrique.	殖民主义和奴隶贸易构成了非洲的一大历史裂痕。
1.151827112662439	Les investisseurs détenant de grands portefeuilles ne placent pas l’intégralité de leur fond en une seule monnaie.	大型资产组合投资者并不把所有资金押在一种货币上。
1.151805062184978	Plusieurs ont fait face à d'énormes procès et ont eu à verser des sommes énormes.	一些国家诉讼缠身，并付出了巨额赔付。
1.1513970433583172	Il influence l’opinion publique nationale et internationale, mais pas en profondeur.	足球对国内和国际舆论的影响很广泛，但却不深刻。
1.1512227905761117	Jusqu’à maintenant, moins de 2% du commerce extérieur des pays du Maghreb se cantonne à la région.	但迄今为止，只有不到2%的北非国家外贸额来自区域内部。
1.1506050820475546	L’étude de ces interactions devrait apporter une compréhension précise de la force forte.	对这些相互作用的研究将提供一个对强相互作用力的精确理解。
1.1505755478486994	Jamais depuis la fin de la Première Guerre mondiale le monde arabe n’avait connu de bouleversements aussi importants.	自一战结束以来，阿拉伯国家从未出现过如此激烈的剧变。
1.1498184574165216	Le commerce international est par définition une compétition entre des entreprises dans des conditions inéquitables.	根据定义，国际贸易是不同的公司在一个不平坦的运动场上的竞争。
1.14976289661167	Ce pacte Ebert-Groener stipule que le gouvernement ne réformera pas l'armée tant que celle-ci jure de protéger le gouvernement.	艾伯特-格勒纳协定规定，只要军队承诺保护政府，政府就不会尝试改革军队。
1.1491108582708276	En ce qui concerne le réchauffement climatique, il est grand temps de revenir à la raison.	在全球变暖这方面，也该是咱们恢复理智的时候了。
1.1487648271154107	Les Etats-Unis sont en grande partie responsables de l’échec des négociations commerciales internationales du cycle de Doha.	美国要为全球贸易谈判多哈回合的失败负主要责任。
1.148653831325812	Des dirigeants politiques peuvent aussi mener un grand mouvement de réforme, comme le New Deal de Franklin Roosevelt.	政治领导人也可能引领广泛的改革运动，比如富兰克林·罗斯福和他的新政。
1.148436218183805	Si l'opposition démocratique n'est pas autorisée à participer aux élections, une nouvelle crise est inévitable.	除非乌克兰的民主势力获准参与竞选，否则一场新的危机迫在眉睫。
1.1483020640810127	Pour sa part, le gouvernement a traité la création des forces armées nationales après coup.	就其自身而言，政府事后才想起组建国家武装部队。
1.1474280420701715	Dans tous ces domaines, une politique de soutien actif est indispensable.	在所有这些国家，一个美国支持的主动政策非常重要。
1.147379958743256	Les forces de l’intelligence des régimes autoritaires sont soit fortement concentrées soit des centres de pouvoirs devenus autonomes.	独裁国家的情报力量要么高度集权，要么就可能成为权力自治中心。
1.1473730244076494	La Banque centrale européenne surveille étroitement la circulation et les réserves de pièces et billets en euros.	欧洲中央银行会密切监控欧元纸币和硬币的库存及流通。
1.147135595559762	Dans une communauté mondialisée, la capacité des gouvernements nationaux à imposer des facteurs mobiles de production  est fortement limitée.	在一个全球化的世界，国家政府对潜在的流动性生产要素征税的能力已大打折扣。
1.1467711695372829	Les vieilles sociétés ont leurs coutumes et traditions ; les sociétés plus récentes ont des lois et des tribunaux.	年代悠久的社会有其习俗和传统，而新社会所拥有的是法院和立法机关。
1.146766642234476	Morales remporte l’élection présidentielle de 2005 à la majorité absolue.	莫拉莱斯随即以绝对优势在2005年的总统选举中获胜。
1.1467649054510596	Le ralentissement économique de 2009, la pire année de la crise, a été catastrophique.	2009年（危机最严重的一年）的经济衰退完全可以称之为灾难。
1.1466074405550934	D'après de récentes estimations, la pollution de l'air tue 1,6 millions de Chinois chaque année.	根据一项估计，空气污染每年夺走160万中国人的生命。
1.1462866016884623	C’est bien entendu le gouvernement allemand qui s’occupe des finances publiques du pays.	显然，德国政府控制着德国的公共财政。
1.1461944331492582	Israël affirme aujourd’hui que le régime syrien a fait usage de ces armes.	目前以色列声称叙利亚政府已经使用了化学武器。
1.1461408195411078	Räsänen et son équipe ont commencé par évaluer la demande potentielle pour les moteurs électriques en Finlande.	Räsänen和他的团队开始调查芬兰人对电动汽车到底有多大的潜在需求。
1.1461219296515237	Par ailleurs, le gouvernement indien a eu une politique budgétaire proactive, avec deux plans de relance successifs.	印度政府也采取了积极的财政政策，先后推出了两个一揽子经济刺激计划。
1.1460498991712444	Dans les années 1980, le plus grave incident terroriste a fait 300 morts.	20世纪80年代，最可怕的恐怖事件夺去了300多条无辜的生命。
1.1458861833552025	Et les soins de santé sont universels, de sorte que l'enfant puisse grandir en bonne santé.	医保也是普遍适用的，因此每个孩子都能健康成长。
1.1456856704612786	Pendant la campagne électorale de 2004, Bush a prétendu que ce nouveau Département avait rendu la sécurité aux Américains.	2004年的竞选活动中，布什宣称新的机构捍卫了美国的安全。
1.1456351969292207	L’Égypte a amendé sa constitution pour permettre une élection présidentielle disputée.	埃及已经修改了宪法，允许竞选总统。
1.145375269872668	L'activité économique et les bénéfices des entreprises auraient été moins importants et les déficits publics plus élevés.	经济活动和经营利润将会更低，政府赤字则会增加。
1.145214442464609	Le gouvernement américain indiqua clairement qu'aucune intervention militaire turque dans le nord de l'Irak ne serait tolérée.	美国政府明确表示：美国绝不容许土耳其对伊北部实行军事干预。
1.1451545179518856	Durant l'ère Brejnev, les politiques expansionnistes reflétaient les nouvelles richesses du pays, dérivées des sources d'énergie.	在勃列日涅夫时代，扩张主义政策反映了苏联得自能源的新财富。
1.1451283658836116	Le Premier ministre Margaret Thatcher, en défendant l’Acte unique européen de 1986, chercha à optimiser ces gains.	首相撒切尔夫人大力倡导1986年单一欧洲法，力求收获最大的经济收益。
1.1447134284584946	Bien que la Chine connaisse une croissance rapide, sa puissance économique reste dérisoire.	尽管中国正在快速增长，但是它的经济实力还是不足为道。
1.1445253272605485	Ceci pourrait s’ajouter au montant des obligations à long terme émises en soutien aux demandeurs d’asile en Europe.	这些资金不包括为支持欧洲寻求庇护者而发行的长期债券。
1.1444880862904265	Les Saoudiens ont également fait appel à plusieurs milliers de soldats pakistanais pendant la guerre du Golfe de 1991.	1991年海湾战争期间，沙特也雇用过数千巴基斯坦士兵。
1.144023563153701	Il a plutôt suggéré de donner un rôle secondaire à l'armée lors d'opérations antiterroristes.	他们建议，军队应该在反恐行动中起辅助作用。
1.1437199937325193	Dans la seconde moitié du XXè siècle, les élections thaïlandaises alternaient avec les coups d’état militaires.	在20世纪下半叶，泰国大选似乎总与军事政变交替出场。
1.143658958035108	Si le discours politique peut parfois stopper l’adoption d’une bonne politique, il ne peut empêcher sa réussite.	政治说辞可能导致好政策无法实施，但无法阻止它成功。
1.143652447635955	L’élevage industriel s’est développé parce qu’il semblait moins coûteux que les méthodes plus traditionnelles.	工厂式养殖迅速扩展是因为它似乎比传统方式更为廉价。
1.1436481996832393	En comparaison avec le coût des produits, le coût des services dépend de la productivité.	服务成本和商品成本的比较其实取决于生产力。
1.1430467032681504	Le dernier groupe comporte des pays imprévisibles dont la taille et l'influence ont d'importantes conséquences systémiques.	最后一组国家构成了“两可”国家，它们的规模和联系具有重要的系统影响力。
1.1425499658296534	Wolfensohn a quitté une carrière professionnelle couronnée de succès pour diriger la campagne mondiale contre la pauvreté.	沃尔芬森放弃了辉煌的商业生涯，转而领导这场对抗贫困的全球性战役。
1.1424617324846542	D’autres économistes voient le rôle des puissants syndicats européens comme un déterminant essentiel.	其他经济学家认为，欧洲强大的工会势力是欧洲人对待工作态度的一项重要决定因素。
1.1423359769926194	Le continent a fait quelques progrès significatifs dans le domaine socio-économique au cours de la dernière décennie.	非洲大陆过去10年间取得了显著的社会经济成就。
1.1416252479281228	Des ministres sunnites qui boycottaient le gouvernement depuis l’an dernier sont retournés à leur poste.	逊尼派部长从去年以来拒绝为政府效力，现在都返回了岗位。
1.141246392273896	Il a fait du programme nucléaire iranien sa priorité des priorités en politique étrangère.	内塔尼亚胡将伊朗核计划作为最高级别外交政策优先项。
1.1411561258115697	Elle améliore la santé des hommes, augmente l’espérance de vie et réduit les taux de fécondité.	它改善了人类健康，延长了人类寿命并降低生育率。
1.1410397571550748	Le républicanisme garantit à chacun les mêmes droits, indépendamment de ses identités, pour parvenir à une égalité universelle.	共和主义给每一个人——不管他或她是什么身份——同等的权利，以获得全体的平等。
1.1409215804569137	D’autres soutiennent que la stabilité du taux de change favorise celle de la macroéconomie.	其他人则提出，稳定的汇率促进中国的宏观经济稳定。
1.1407901220573904	Il est possible que l'assombrissement global ait causé des changements météorologiques à grande échelle.	全球变暗可能也引起大规模的天气模式的变化。
1.1406998828520625	La BCE ne possède pas de caisses et n'est impliquée dans aucune opération de trésorerie.	欧洲中央银行不设现金办事处，也不涉及任何现金操作。
1.13918468151419	Cela pourrait même remettre en question les systèmes anti-missiles non stratégiques, dont le déploiement pourrait s’avérer utile.	即便是非战略导弹防御系统的部署也可能起到相关作用，因此也应当受到质疑。
1.1387867867621335	Alors que la guerre s'éternise, les perspectives d'une solution négociée s'amenuisent.	随着战事的发展，通过谈判形成解决方案的前景日渐渺茫。
1.1384972474986863	Pour que les produits de luxe aient une fonction, la société a besoin d'informations sur leur coût.	奢侈品要想发挥作用，社会必须了解它的价值。
1.1380273203011226	La Chine entend ainsi développer les activités internationales de ses banques.	中国希望建立其银行的国际经营网络。
1.1377043479321927	Les ailettes se divisent en deux groupes: les samares (par exemple l'orme) et les disamares (par exemple l'érable).	從二諦講，勝義所說的金剛是無畏，不可毀壞；世俗則指金剛杆，謂其智堅利。
1.1375462302723305	La Birmanie est riche en ressources naturelles, mais la population est misérable.	缅甸是一个拥有丰富自然资源的国家，但是它的人民却很贫穷。
1.1375140358088078	Les politiques publiques sont définies par l’intérêt général attachées aux politiques plutôt que les créateurs de ces politiques.	公共政策的定义由政策中的公共利益，而非它的制定者来决定。
1.1372124144248437	En tant que vice-Premier ministre, elle fait cesser de nombreux arrangements illégaux et autres corruptions dans le secteur énergétique.	作為能源副總理，她實際上終結了許多在能源部門腐敗的安排。
1.1371337866016467	L'économie de la zone euro décline, alors que l'Allemagne connaît un boom.	欧元区实体经济正在衰退，但德国享受着繁荣。
1.1370572299656962	Une part des revenus était réservée à cet usage charitable.	这笔收益大部分均用于慈善用途。
1.1370330821713572	La transformation qui a débuté après les élections législatives de novembre 2010 se déroule à une vitesse époustouflante.	到目前为止，2010年11月立法选举以来的转型已经称得上令人瞩目。
1.1365710516304752	(Cinq mois plus tard, en mars 1969, les troupes américaines perpétraient le massacre de My Lai).	（五个月后的1968年3月，美军进行了美莱村大屠杀。
1.1364856012854814	Dans ces derniers aussi, la technologie va finir par remplacer les emplois dans l'industrie et dans les services.	而最终，技术还将取代新兴市场中的服务业岗位。
1.1358135206631301	De meilleures politiques sociales et des investissements plus importants dans l’éducation en ont été des facteurs substantiels.	社会政策的改善和教育投资的增加都是重要因素。
1.1356553867853554	Pour commencer, il va certainement falloir fournir des garanties de sécurité aux chefs du LTTE.	最基本的是，斯里兰卡政府肯定要保证猛虎解放组织领导人的安全。
1.135371657560581	La BoJ va continuer à augmenter la taille de son bilan jusqu'à atteindre sa cible d'inflation de 2%.	日本银行将继续扩大其资产负债表直到达到2%的通胀目标。
1.1349874317864594	Environ 800 milliards de dollars de réserves de change de la Chine sont libellées en actifs investis en euros.	在中国的外汇储备中，有大约8000亿美元投资于欧元资产。
1.1349757113115893	En vingt ans, la croissance du PIB fut multipliée par quatre, et les exportations par dix.	20年间GDP增长4倍，而出口额则增长10倍之多。
1.1347862934811106	L'Amérique occupe toujours la première place mondiale en termes de  niveau de vie, de productivité et d'innovation.	   美国继续在生活水平、生产效率以及创新上领先于世界。
1.1343110120019413	Une première aide financière parvint en Grèce et en Turquie en janvier 1947.	第一批实质性的援助在1947年1月交付，目的地是希腊和土耳其。
1.1340662871213893	A la fin des années 1980, des biologistes ont trouvé des lignées résistantes à tous les insecticides connus.	20世纪80年代末，生物学家发现了对所有已知杀虫剂具有耐药性的菜蛾品种。
1.1338877910374312	Les conservateurs détenaient une majorité des sièges écossais il y a moins de soixante ans.	不到60年前，保守党在苏格兰拥有多数席位。
1.1328811093863762	À la fin de 2013, Nokia cédait son activité dans le secteur des téléphones à Microsoft.	到2013年底，诺基亚已经向微软出售其手机业务。
1.1328305498867715	Ils lui demandèrent de rendre les seaux volés, mais celui-ci refusa et leur dit: "À votre tour d'avoir soif!".	大家不说话，羯磨戒师就说：“僧人默然故，是事如是持。
1.1324993400223384	Les esprits critiques voient là un écart radical par rapport à soixante-dix ans de pacifisme.	批评者认为这严重偏离了七十年来的和平主义。
1.1318347631507628	Contre le ruisseau, des jardins et chènevières, fermés par des haies et des charmilles.	他們主要種植小麥、葡萄和橄欖等農作物。
1.131675784647258	C'est aussi le premier exportateur mondial de biens marchands et le second plus gros exportateur de biens et services.	它还是世界最大的商品出口国和第二大产品和服务出口国。
1.1315225357982444	La politique européenne sur les migrations a d'autres défauts moins évidents.	欧盟移民政策的硬伤还有一个不太显著的方面。
1.1309857702258317	En Roumanie, les prix immobiliers ont augmenté de 23% par an de 2004 à 2007.	在罗马尼亚，2004—2007年房地产价格每年要上涨23%。
1.1305636713107936	En termes de production économique, l’Union européenne est aujourd’hui au même niveau que les États-Unis.	   在经济产值上，如今的欧盟与美国并驾齐驱。
1.1302882275752346	En 1989, le gouvernement chinois a envoyé des troupes pour réprimer le mouvement pro-démocratique du pays.	1989年，中国政府动用军队镇压了该国的民主运动。
1.129886322181296	L'exemple récent le plus spectaculaire est un rapport publié cet été par le Government&nbsp;Accountability Office.	最显著的例子是今年夏天政府审计办公室所发布的一份报告。
1.129491952473777	Avant que la crise financière n'éclate, M. Barroso semblait presque certain d'obtenir un second mandat quinquennal.	   在全球金融危机爆发以前，巴罗索看起来很有可能得到第二个五年任期。
1.1291371020943215	Cette technologie donne les moyens de conserver un secteur industriel compétitif tout en luttant simultanément contre le réchauffement climatique.	它提供了在保持有竞争力的工业部门的同时遏制全球变暖的途径。
1.1287406828436206	À travers les succès de Boris Becker et Steffi Graf, l'intérêt du public et des médias se dirigea vers le tennis.	而鲍里斯·贝克尔和施特菲·格拉芙所取得的成就，也使媒体和观众的兴趣转移至网球赛场。
1.1281482000257956	Sa coalition était divisée sur cette question et son parti a perdu des élections régionales.	她的政治盟友在这个问题上发生了分裂，自己所在的政党也输掉了州选举。
1.127880109142501	Ce ne fut qu’à la fin du vingtième siècle qu’une chimiothérapie réellement efficace a été développée.	直到二十世纪后半叶，人类才发明了真正有效的化疗。
1.1274373891161507	Le Canada fait partie des rares pays développés qui exportent de l'énergie vers d'autres pays.	加拿大是在发达国家中极少数的能源出口国之一。
1.127424390788789	Toutes deux ont beaucoup à perdre en cas d'une nouvelle éruption de violence au Moyen-Orient.	如果中东爆发新的暴力，双方都会有大的损失。
1.1265881210108348	Les différentes classes sociales voyaient leurs propres intérêts représentés par des partis s’opposant autour de divergences idéologiques claires.	社会阶层有其各自的利益，这表现在有明确意识形态差异的截然不同的政党。
1.126133580416708	Le travail forcé et le travail des enfants, ainsi que les discriminations à l’embauche, doivent être supprimés.	必须清除强制劳工、童工以及工作场所中的歧视。
1.1257912531714955	Le monde étant aujourd’hui confronté à des menaces supranationales, il est nécessaire d’opposer une résistance supranationale.	今日全球面临的威胁是超民族的，因此也必须采取超民族的方式来应对。
1.1254198007279685	Au moins le FMI reconnaît-il ses échecs, qu'ils soient intellectuels ou politiques.	至少国际货币基金组织（IMF）承认了这些理论和政策失误。
1.1250971201404354	Vraisemblablement, les taux d'intérêt nominaux devraient évoluer en négatif seulement en réponse à une profonde crise déflationniste.	理论上，名义利率只有在发生深度通缩危机时才会跌入负区间。
1.1250189903856234	Dans l’ensemble, les statistiques de la santé sont plus mauvaises que celles de la plupart des pays comparables.	总的来说，美国的健康统计数据比其他类似国家都要差得多。
1.1249917179988742	La Fed n'est pas seulement la Banque centrale des États-Unis : c'est la Banque centrale dumonde.	美联储不仅是美国的中央银行，它也是全世界的中央银行。
1.1248914631680995	La Constitution de 1958 a considérablement amoindri les pouvoirs du Parlement.	1958年頒布的憲法大大地限制了國會的立法權力。
1.12476768645438	L'année prochaine aura lieu le bicentenaire de la bataille de Waterloo et l'ultime défaite de Napoléon.	明年将是滑铁卢战役暨拿破仑的最后一败两百周年纪念。
1.1245847276474872	Le capital de 100 milliards de la BAII aura donc un rôle central dans ce projet.	资本金预计达到1,000亿美元的亚投行将在其中扮演核心角色。
1.1244828343847209	Les habitants des pays riches connaissent sans aucun doute la maxime selon laquelle il vaut mieux prévenir que guérir.	毫无疑问，发达国家的人们已非常明白预防优于治疗的道理。
1.1241487839813753	Le nord-est du pays (« Djézireh ») et le sud (« Hawran ») sont des zones agricoles importantes.	位於東北部的"AlJazira"及南部的"Hawran"都是重要的農業地區。
1.1239731928691876	Les banques centrales ne devraient pas uniquement s’efforcer d’assurer la liquidité des marchés.	中央银行不应该仅仅关注市场的流动性。
1.1235752722555643	Mais l'opinion majoritaire du juge John Paul Stevens ne se soucie guère du défilé d'horreurs de l'Administration.	但以大法官约翰·保罗·史蒂文斯为代表的多数派意见对布什政府的恐怖预告并不在意。
1.1231937275239985	Le montant total des investissements mondiaux dans la recherche biomédicale est environ de 110 milliards de dollars.	放眼全球，每年用于生物化学研究的投资总额约为1100亿美元。
1.1217377995239741	Il a fallu plusieurs décennies et deux guerres mondiales pour que la livre sterling perde son statut de super devise.	历经几十年和两次世界大战英镑才失去其超级货币地位。
1.1213458512888694	L’histoire de l’AIEA remonte aux sombres débuts de la Guerre froide.	国际原子能机构发端于冷战早期黑暗的日子。
1.1213351490759562	Mon père était conscient du fait que ces ingénieurs en chef étaient dévorés par l’ambition et la jalousie.	我的父亲理解这些总设计师雄心勃勃，而且有嫉妒心理。
1.1204150220741342	Sous sa direction, les recettes de l'industrie et de l'électricité ukrainiennes ont augmenté de plusieurs milliers de pour cent.	在她的領導下，烏克蘭電力產業稅收額成長幾十倍。
1.1199285040578006	Notre réponse au changement climatique doit avoir une dimension sociale.	我们对气候变化必须做到全社会一致的回应。
1.1196250803421905	Le mariage homosexuel est maintenant reconnu par le gouvernement fédéral et est légal dans 35 États sur 50.	联邦政府和美国50个州中的35个现在已承认同性婚姻的合法性。
1.1193768311628192	Le Fonds monétaire international, par exemple, procédait depuis de plusieurs années à une compression significative de son personnel.	比如，国际货币基金组织（IMF）在此前几年中实际上在追求大幅削减规模。
1.1191177784863644	L'investissement des entreprises est faible également, même si les grandes sociétés disposent de réserves de trésorerie très élevées.	商业投资也非常萎靡，尽管大公司手握里握有大把现金。
1.1188834749966223	Les pratiques biologiques comprennent, mais ne sont pas limitées à:	社会运动的表现形式包括并不仅限于：
1.11882759626659	Le réchauffement climatique a déclenché l'effondrement des écosystèmes de récifs dans l'ensemble des zones tropicales.	全球变暖可能已经引发了整个热带的礁石生态系统的瓦解。
1.118786876302288	Le Fond doit avoir recours à un plus grand nombre d'experts financiers et moins s'appuyer sur les universitaires.	该组织需要招聘更多的金融部门专家，减少对学术专业人士的依赖。
1.1186877456737974	Pourtant, ce projet finit par échouer à la suite du vote négatif du Parlement français le 30 août 1954.	然而，此條約最終由於遭到法國國民議會於1954年8月30日否決而未生效力。
1.1186519811777835	Plusieurs compagnies d'assurance-vie et banques ont été frappées de plein fouet par la faiblesse des taux d'intérêt.	许多人寿保险企业和银行都将在高利率下遭受相当的冲击。
1.118633239288844	Mis en place au milieu d'une crise économique, il a été une réponse keynésienne classique.	该计划在经济危机期间实施，是一项经典的凯恩斯主义应对措施。
1.1180893218646433	Les organismes vivants communiquent et les informations qu'ils échangent modèlent leur réalité.	活体生物相互交流，他们对现实的理解取决于他们所交换的信息。
1.118066720885054	La croissance annuelle de leur PIB avoisinait 5%, juste derrière celle de la Chine et de l'Inde.	年GDP增长率接近5%，只有中国和印度能超过这里。
1.1180304138849488	En matière d’économie, ce remède a été nécessaire après l’apparition de la crise financière mondiale de 2008.	放到经济学里讲，这就是2008年全球金融危机爆发后所需要的。
1.1176157523682149	Nancy Pelosi, présidente de la Chambre des représentants, est de San Francisco.	众议院多数党领袖南希·佩洛西就是从旧金山来的。
1.117322954678575	Des manifestants protestent dans les grandes villes, réclamant l'éradication de la corruption des fonctionnaires du parti.	一些大城市已经开始了示威活动，要求遏制政府官员中的腐败行为。
1.1167978319342426	Si le projet européen ne consistait qu’à dominer les pays partenaires, il y aurait constamment des conflits.	如果欧洲只是让各国争强斗狠，那么它就会产生持续不断的冲突。
1.115718441922594	La Commission doit devenir un véritable gouvernement, avec un président élu par le peuple.	欧盟委员会应该成为一个恰当的政府，并有民选总统。
1.1153589125429222	Les positions très radicales des deux partis anticipent sur les prochaines élections législatives et présidentielles de novembre 2012.	两党立场均十分强硬，这将影响到2012年的国会和总统选举。
1.1148389433030363	La responsabilité des dirigeants dans le succès et la croissance de leurs entreprises n’est pas en cause.	毫无疑问公司董事负有增长和公司成功的责任。
1.1147962808656455	Après des négociations, les trois partis signent un accord de coalition le 16 décembre.	協商後三黨於12月16日正式簽屬協議。
1.1146657456817886	D’ici la fin de la décennie, l’économie de la Chine aura dépassé celle de l’Allemagne.	到2010年，中国的经济总量将超过德国。
1.1146620947197876	Le système financier américain a nettement changé depuis les années 30.	但是在二十世纪三十年代以后美国的金融体系已经发生了巨大的变化。
1.1146322008646228	Les forces américaines et britanniques ont déjà bien œuvré à renforcer la société civile.	美英军队已经为加强平民社团的力量做出了巨大贡献。
1.1138313119734955	Pourtant, aujourd’hui, la grande majorité des lycées débutent l’étude des sciences avec la biologie.	然而今天，绝大部分中学最先学习的一门科学是生物学。
1.1132005827462899	Sur le mur ouest arrière se trouverait le Jugement dernier, avec un Christ sur un trône qui juge à son sommet.	在后面的西墙上则会是末日审判，其顶部有已升座和正在裁决的基督。
1.1128289301980467	Le CNT a régulièrement connu des conflits internes, et ses membres et son fonctionnement restent drapés dans le secret.	NTC出现了常见的内部分歧，其成员和运转状况一直是个迷。
1.1127355236562453	C'est particulièrement vrai pour le Brésil qui est pour beaucoup à l'origine de cette méfiance.	其中巴西尤其如此，这个国家是南美国家联盟间不信任感的主要源头。
1.1123084618134125	Utilisées à bon escient, les technologies de l’information peuvent améliorer les soins de santé dans toutes ces dimensions.	应用得当的话，医疗IT可以改善医疗卫生行业的所有这些缺陷。
1.1121856372495174	Notre monde a profondément changé depuis un siècle – et pas uniquement du fait des technologies.	在过去的一个世纪中，我们的世界发生了翻天覆地的变化——技术是其中的重要原因。
1.112062131081537	Ainsi, lorsque les revenus augmentent, la demande pour les produits alimentaires augmente encore plus.	因此随着收入增加，对食品的需求增加得更加迅速。
1.1119777174709304	Les anches (ou lames) sont fixées sur des cadres (ou plaquettes).	諾魯的套索是柔繩，在繩的尾部負載。
1.1115337045729616	Des peintures similaires sont présentes en Serbie, Espagne, Allemagne, Italie et ailleurs en France.	在塞尔维亚、西班牙、意大利和法国的别处也存有相似的绘画。
1.11137895899145	Les deux parties ont consenti à mettre en œuvre leur accord de 1985 sur la Coopération nucléaire paisible.	次访问中双方签署了官员貫徹1985年的和平利用核能源合作的有关协议等多份协议。
1.111294609411233	En 2004, la production automobile a ainsi atteint 930 000 unités, soit deux fois plus qu'en 2001.	2004年汽車產量達到93萬台，超過2001年兩倍之多。
1.1108839275614195	Une nouvelle crise financière mondiale pourrait perturber rapidement le flux de capitaux qu'elle attire.	再度爆发全球金融危机可能扰乱短期资本流入。
1.1105409676902944	Il est possible de pratiquer de nombreux sports dans la commune.	市内还有其他许多地方进行举办许多体育活动。
1.1105045653405516	La zone euro en tant que telle n’a aucune représentation au sein des institutions financières internationales.	最后，财政部将在国际金融机构中代表整个欧元区。
1.1104099858151872	Dans le pays, sont présentes 3 banques publiques généralistes, 5 banques publiques spécialisées, 15 banques privées thaïlandaises et 17 banques étrangères.	2007年，該國有3家國有商業銀行、5家國有專業銀行、15家泰國商業銀行和17家外國銀行。
1.1096901607311138	Durant la guerre, de nombreux pays européens avaient rallié le camp des États-Unis ou de l’Union soviétique.	战后，几乎所有的欧洲国家都与美国或苏联之中的一者结盟。
1.1096819349596172	Le tennis et d'autres sports de plein air sont également appréciés.	网球和其它户外运动也十分流行。
1.1094997097263521	Autrement dit, les États-Unis dépensent autant en armement que le reste du monde combiné.	换句话说，美国的军费开支等于世界其他国家军事开支的总和。
1.1094299267771688	En 1849, à l'âge de 29 ans, elle quitte l'enseignement et retourne à la ferme familiale de Rochester.	1849年，安东尼二十九岁时，她不再教书，而搬到了纽约州的罗切斯特市的一个家庭农场。
1.1092497216940063	En 1948, le président Harry S. Truman ordonne la déségrégation dans l'armée américaine.	1948年，哈里·S·杜鲁门总统决定在军队实行去种族隔离化。
1.1090030166964728	Cet ensemble de difficultés en spirales a conduit les agences de notation à abaisser la note de l’Égypte.	困难众多并且不断加剧导致信贷评级机构持续下调埃及评级。
1.1089925716146154	Les investisseurs étrangers ont répondu en inondant le pays de ressources.	外国投资者对此作出的反应是，把大量资源投进了该国。
1.10874464691224	Pourrait suivre un marché commun des biens et des services et un système de sécurité régionale.	加上区域安全体系，一个商品和服务的共同市场便可以跟进。
1.1087242800759998	En 2010, la Chine est passée devant le Japon pour devenir la deuxième économie mondiale.	在2010年，中国超越日本成为世界第二大经济体。
1.1086189929798658	Le think-tank Center for American Progress décrit la politique menée avant 2014 comme étant similaire à celle des États-Unis d'avant 1970.	但是美国进步中心认为中国的环境政策类似于1970年之前的美国。
1.1084618569379971	D’abord, maîtriser le changement climatique anthropique constitue un défi économique très complexe.	首先，控制由人类活动引发气候变化的经济挑战的确非常复杂。
1.1083098201846064	Les états américains étaient entrés dans leur nouvelle union avec différents niveaux d’endettements et des capacités de remboursement variables.	美国各州在组成新联盟时各有各的债务负担，各有各的偿债能力。
1.1082957027178255	Sous le système actuel, les gouvernements italiens accomplissent peu, mais au moins ils durent plus longtemps.	现有体制下的意大利政府虽然效率低下，但至少还算稳定。
1.1081292693949019	Les pays en développement devaient mettre en œuvre des politiques économiques soutenues par des pratiques de bonne gouvernance.	发展中国家将实施健康的经济政策，并施以良好的管理。
1.1080726295377787	Le commerce a augmenté deux fois plus vite que la production mondiale entre 1990 et 2008.	从1990年到2008年，贸易增速相当于全球产出增速的两倍。
1.10780073695736	Elle travaillera à un consensus global sur le réchauffement climatique.	中国将会为气候变化的全球共识做出贡献。
1.1076806884165555	Environ 45&nbsp;% du budget du gouvernement de l’Arabie saoudite est affecté aux salaires des fonctionnaires.	据估算，沙特政府预算中有45%被用于发放公共部门薪金。
1.1076349652677406	Il s'est prononcé pour l'entrée de la Turquie dans l'Union européenne.	她坚决反对给予土耳其在欧洲联盟的会员资格。
1.1072015817018754	Les Etats-Unis sont la superpuissance actuelle, et la Chine est la nouvelle puissance émergente.	”当今世界的霸主当属美国，而中国则是最大的新兴势力。
1.1069513928596568	En décembre 2011, l'élection du Parlement russe a suscité une explosion de colère.	2011年12月，俄罗斯议会选举引爆了公民抗议。
1.1066185494110108	Et pourtant, le projet politique de l’Europe est loin d’être aussi abouti que son intégration économique.	即使如此，欧洲的政治一体化较之经济一体化进程仍然远远落后。
1.1065908357806369	Le nouveau parlement et l'assemblée constitutionnelle devront ouvrir des négociations avec le SCAF.	新国会和宪法议会必须与最高军事委员会谈判。
1.106039980771218	Le "Comité national de direction militaire" est alors remplacé par un "Comité national de la révolution".	随后“临时国民议会”被军事委员会取代。
1.1057739877207224	Les fonds publics dédiés à ces besoins ont atteint 23 à 26 milliards de dollars en 2012-2013.	2012—2013年，来自公共资源的适应资金达到了230—260亿美元。
1.105502974956355	Il intègre aussi des fonctionnalités axées vers les médias sociaux tels Facebook et Twitter.	这些信息在它的网站和各种社交媒体如Facebook和Twitter等出口都能获取。
1.105312081673636	En 2005, les femmes représentaient 48% de la population active.	2005年，女性佔48%勞動人口，專業工作的比例增加。
1.1049058779319803	Et la pression migratoire va augmenter considérablement si le réchauffement climatique se déroule selon les prévisions standards des climatologues.	而如果全球变暖根据气候学家的基线预测那样展开，移民压力还将进一步增加。
1.1048778022894712	Obéissez à Allah, [...] et à ceux d'entre vous qui détiennent le commandement" ».	他指出上帝應許藉着他使之復活的大能者施行公義的審判。
1.1048739607799363	La durée de la scolarité est de cinq ans, une année de préparatoire et quatre années de lycée.	小学学制五年，然后是四年的初中和三年的高中。
1.104643426616009	La consolidation budgétaire n’était pas, cependant, la conséquence de règlementations budgétaires formelles.	但这种财政状况的改善并不是官方财政政策的结果。
1.1043956621910813	Les responsables politiques devraient suivre attentivement tout signe d'évolution de la situation économique au sein du G-7.	决策者应该密切关注工业七强国家经济状况的潜在变化。
1.1043258482674818	La lèpre n’est plus considérée comme un problème de santé publique dans la presque totalité des pays du monde.	几乎在全世界所有国家，麻风病都不再构成对公共健康的威胁。
1.104293106444576	Avec le président de Singapour, le Parlement forme le corps législatif de Singapour.	议会与总统构成了完整的新加坡立法机构。
1.1041450459493691	Les gouvernements, les organisations internationales et les populations à travers le monde concentrent donc leur énergie à la combattre.	世界各国政府、国际组织和民众正在与病毒进行斗争。
1.103764529430054	Depuis 2007, elle fait partie de la liste OMS des 17 maladies tropicales négligées.	WHO将17个被忽略的热带疾病(NTD)放在优先顺序。
1.1034406416745342	Les gouvernements veulent aussi protéger leurs sociétés de ce qui arrive par l'intermédiaire d'Internet.	政府还希望保护本国社会不受互联网内容的损害。
1.1033483027692008	La régulation des banques est le domaine dans lequel l’action collective s’impose.	银行监管是有意义集体行动的最热门领域。
1.1033383763037439	Nous avons beaucoup à gagner, à la fois individuellement et en tant que société, à échanger l’information.	不论是个人还是社会，我们从与他人的信息共享中都能获益良多。
1.1029957087646214	Il est impossible de surestimer la valeur des Conventions de Genève de 1949 et des Protocoles complémentaires de 1977.	1949年日内瓦公约所列禁止条款在1977年第一附加议定书和第二附加议定书中得到加强。
1.1025421062281044	La plupart des produits manufacturés et des produits pétroliers doivent être importés.	大部分制造与石油产品依赖进口。
1.102349883289104	Le Moyen-Orient a radicalement changé ces dix dernières années.	过去十年中东地区发生了巨大的变化。
1.1022570081907608	Comme toute ville américaine, Dallas possède son propre drapeau et ses armoiries.	像所有苏联的加盟共和国一样，亚美尼亚有自己的国旗和国徽。
1.1020734054357868	L'énoncé original de la deuxième loi de Newton est le suivant:	牛顿的万有引力定律的陈述如下：
1.1019781650736435	En 1981, l'énergie représentait 11% du total du budget de R &amp; D publique américaine.	1981年，能源占美国公共研发预算总量的11%。
1.1017738391581193	L'incident fait par ailleurs craindre que la guerre civile syrienne pourrait s'étendre à l'Irak.	人们担心叙利亚内战将会蔓延至黎巴嫩。
1.1017364817177997	Lucy et Daniel Anthony encouragent leurs enfants à faire preuve d'autodiscipline, et d'estime de soi.	露西和丹尼尔·安东尼都相信自己的原则与自我价值，并且都严格地约束自己的行为。
1.1015905978246976	Le pouvoir est passé de la côte est à la côte ouest, puis au sud.	美国权力的更替首先是从东海岸到西海岸，然后到达南方。
1.1011932588389033	Les principales autoroutes de l’oblast de Moscou sont les suivantes:	以下列出莫斯科主要旅游景点：
1.1009146698606402	L’on s’attend donc à ce que les organisations non gouvernementales locales et internationales comblent les lacunes.	对此有人寄望于各国国内或国际的非政府组织能填补这一空白，但事实并非如此。
1.1005218423623193	Donc nous avons recruté ce genre de personnes, nous leur avons demandé de nous aider "".	所有我们就把那些能够帮助我们发展这些理念的人士请了过来”。
1.1003655293555654	Après des décennies d’expansion rapide, la Chine est devenue l’atelier de l’économie mondiale.	经历了数十年的快速扩张后，中国已经奠定了世界经济工厂的地位。
1.1003480352204942	Alors que le pays dispose d’un potentiel agricole considérable, 20% seulement des terres arables sont exploitées.	农业潜力较大，全国可耕种地只有约20%被开垦。
1.1000930097356143	Avec environ 170 millions d'habitants, le Nigeria a la plus nombreuse population d'Afrique.	尼日利亚拥有居非洲首位的约1.7亿人口。
